id,firstname,lastname,email,email2,profession
100,Gwenneth,Drisko,Gwenneth.Drisko@yopmail.com,Gwenneth.Drisko@gmail.com,worker
101,Anestassia,Soneson,Anestassia.Soneson@yopmail.com,Anestassia.Soneson@gmail.com,firefighter
102,Sadie,Garek,Sadie.Garek@yopmail.com,Sadie.Garek@gmail.com,police officer
103,Rosanne,Land,Rosanne.Land@yopmail.com,Rosanne.Land@gmail.com,firefighter
104,Sheree,Bobbee,Sheree.Bobbee@yopmail.com,Sheree.Bobbee@gmail.com,firefighter
105,Kial,Oster,Kial.Oster@yopmail.com,Kial.Oster@gmail.com,police officer
106,Shirlee,Annabella,Shirlee.Annabella@yopmail.com,Shirlee.Annabella@gmail.com,developer
107,Lita,Mauer,Lita.Mauer@yopmail.com,Lita.Mauer@gmail.com,worker
108,Ellette,Radu,Ellette.Radu@yopmail.com,Ellette.Radu@gmail.com,worker
109,Modestia,McClimans,Modestia.McClimans@yopmail.com,Modestia.McClimans@gmail.com,police officer
110,Margette,Kenney,Margette.Kenney@yopmail.com,Margette.Kenney@gmail.com,doctor
111,Basia,Rozanna,Basia.Rozanna@yopmail.com,Basia.Rozanna@gmail.com,firefighter
112,Winifred,Bonucci,Winifred.Bonucci@yopmail.com,Winifred.Bonucci@gmail.com,firefighter
113,Annice,Vernier,Annice.Vernier@yopmail.com,Annice.Vernier@gmail.com,doctor
114,Yolane,Henebry,Yolane.Henebry@yopmail.com,Yolane.Henebry@gmail.com,doctor
115,Annaliese,Haerr,Annaliese.Haerr@yopmail.com,Annaliese.Haerr@gmail.com,police officer
116,Maye,Garlinda,Maye.Garlinda@yopmail.com,Maye.Garlinda@gmail.com,developer
117,Gwenneth,Zenas,Gwenneth.Zenas@yopmail.com,Gwenneth.Zenas@gmail.com,doctor
118,Mireielle,Roscoe,Mireielle.Roscoe@yopmail.com,Mireielle.Roscoe@gmail.com,police officer
119,Gloria,Zachary,Gloria.Zachary@yopmail.com,Gloria.Zachary@gmail.com,police officer
120,Bee,Anestassia,Bee.Anestassia@yopmail.com,Bee.Anestassia@gmail.com,developer
121,Roxane,Jehu,Roxane.Jehu@yopmail.com,Roxane.Jehu@gmail.com,police officer
122,Hayley,Hanshaw,Hayley.Hanshaw@yopmail.com,Hayley.Hanshaw@gmail.com,developer
123,Kirbee,Gusella,Kirbee.Gusella@yopmail.com,Kirbee.Gusella@gmail.com,doctor
124,Anallese,Yerkovich,Anallese.Yerkovich@yopmail.com,Anallese.Yerkovich@gmail.com,police officer
125,Ottilie,Blake,Ottilie.Blake@yopmail.com,Ottilie.Blake@gmail.com,developer
126,Carilyn,Chandler,Carilyn.Chandler@yopmail.com,Carilyn.Chandler@gmail.com,worker
127,Gui,Therine,Gui.Therine@yopmail.com,Gui.Therine@gmail.com,doctor
128,Fernande,Rossner,Fernande.Rossner@yopmail.com,Fernande.Rossner@gmail.com,worker
129,Allis,Stephie,Allis.Stephie@yopmail.com,Allis.Stephie@gmail.com,police officer
130,Antonietta,Lunsford,Antonietta.Lunsford@yopmail.com,Antonietta.Lunsford@gmail.com,firefighter
131,Gerianna,Alva,Gerianna.Alva@yopmail.com,Gerianna.Alva@gmail.com,worker
132,Alie,Durware,Alie.Durware@yopmail.com,Alie.Durware@gmail.com,worker
133,Gilligan,Alwin,Gilligan.Alwin@yopmail.com,Gilligan.Alwin@gmail.com,developer
134,Florie,Ilka,Florie.Ilka@yopmail.com,Florie.Ilka@gmail.com,firefighter
135,Bobinette,Sperling,Bobinette.Sperling@yopmail.com,Bobinette.Sperling@gmail.com,worker
136,Rosaline,Ulphia,Rosaline.Ulphia@yopmail.com,Rosaline.Ulphia@gmail.com,doctor
137,Joeann,Carlson,Joeann.Carlson@yopmail.com,Joeann.Carlson@gmail.com,worker
138,Lynnea,Elsinore,Lynnea.Elsinore@yopmail.com,Lynnea.Elsinore@gmail.com,developer
139,Shell,Regan,Shell.Regan@yopmail.com,Shell.Regan@gmail.com,doctor
140,Elena,Decato,Elena.Decato@yopmail.com,Elena.Decato@gmail.com,worker
141,Justinn,Berard,Justinn.Berard@yopmail.com,Justinn.Berard@gmail.com,police officer
142,Bertine,Stoller,Bertine.Stoller@yopmail.com,Bertine.Stoller@gmail.com,firefighter
143,Caressa,Luhe,Caressa.Luhe@yopmail.com,Caressa.Luhe@gmail.com,worker
144,Fred,Lilybelle,Fred.Lilybelle@yopmail.com,Fred.Lilybelle@gmail.com,developer
145,Fayre,Gaal,Fayre.Gaal@yopmail.com,Fayre.Gaal@gmail.com,doctor
146,Emmey,Aurelio,Emmey.Aurelio@yopmail.com,Emmey.Aurelio@gmail.com,doctor
147,Lorie,Wattenberg,Lorie.Wattenberg@yopmail.com,Lorie.Wattenberg@gmail.com,developer
148,Gabriellia,Hebner,Gabriellia.Hebner@yopmail.com,Gabriellia.Hebner@gmail.com,worker
149,Maurene,Garlinda,Maurene.Garlinda@yopmail.com,Maurene.Garlinda@gmail.com,firefighter
150,Linzy,Hanshaw,Linzy.Hanshaw@yopmail.com,Linzy.Hanshaw@gmail.com,doctor
151,Rubie,Trey,Rubie.Trey@yopmail.com,Rubie.Trey@gmail.com,worker
152,Lorenza,Luhe,Lorenza.Luhe@yopmail.com,Lorenza.Luhe@gmail.com,firefighter
153,Anthia,Yate,Anthia.Yate@yopmail.com,Anthia.Yate@gmail.com,firefighter
154,Perry,Jerald,Perry.Jerald@yopmail.com,Perry.Jerald@gmail.com,worker
155,Drucie,Glovsky,Drucie.Glovsky@yopmail.com,Drucie.Glovsky@gmail.com,developer
156,Florencia,Barney,Florencia.Barney@yopmail.com,Florencia.Barney@gmail.com,police officer
157,Harrietta,Garrison,Harrietta.Garrison@yopmail.com,Harrietta.Garrison@gmail.com,firefighter
158,Jinny,Brian,Jinny.Brian@yopmail.com,Jinny.Brian@gmail.com,developer
159,Felice,Erminia,Felice.Erminia@yopmail.com,Felice.Erminia@gmail.com,developer
160,Marleah,Riva,Marleah.Riva@yopmail.com,Marleah.Riva@gmail.com,worker
161,Concettina,Tjon,Concettina.Tjon@yopmail.com,Concettina.Tjon@gmail.com,doctor
162,Mariele,Zenas,Mariele.Zenas@yopmail.com,Mariele.Zenas@gmail.com,developer
163,Vinita,Brunell,Vinita.Brunell@yopmail.com,Vinita.Brunell@gmail.com,doctor
164,Tarra,Sundin,Tarra.Sundin@yopmail.com,Tarra.Sundin@gmail.com,developer
165,Mariele,Schwejda,Mariele.Schwejda@yopmail.com,Mariele.Schwejda@gmail.com,developer
166,Ottilie,Timon,Ottilie.Timon@yopmail.com,Ottilie.Timon@gmail.com,worker
167,Anallese,Skell,Anallese.Skell@yopmail.com,Anallese.Skell@gmail.com,doctor
168,Florie,Tryck,Florie.Tryck@yopmail.com,Florie.Tryck@gmail.com,firefighter
169,Donetta,Standing,Donetta.Standing@yopmail.com,Donetta.Standing@gmail.com,doctor
170,Dulcinea,Darrell,Dulcinea.Darrell@yopmail.com,Dulcinea.Darrell@gmail.com,developer
171,Dorene,Thilda,Dorene.Thilda@yopmail.com,Dorene.Thilda@gmail.com,developer
172,Brooks,Shuler,Brooks.Shuler@yopmail.com,Brooks.Shuler@gmail.com,firefighter
173,Katleen,Imelida,Katleen.Imelida@yopmail.com,Katleen.Imelida@gmail.com,police officer
174,Elmira,Lory,Elmira.Lory@yopmail.com,Elmira.Lory@gmail.com,doctor
175,Adelle,Doig,Adelle.Doig@yopmail.com,Adelle.Doig@gmail.com,doctor
176,Audrie,Quinn,Audrie.Quinn@yopmail.com,Audrie.Quinn@gmail.com,firefighter
177,Eadie,Gillan,Eadie.Gillan@yopmail.com,Eadie.Gillan@gmail.com,developer
178,Brana,Bollay,Brana.Bollay@yopmail.com,Brana.Bollay@gmail.com,police officer
179,Shandie,Imelida,Shandie.Imelida@yopmail.com,Shandie.Imelida@gmail.com,doctor
180,Marita,Adamsen,Marita.Adamsen@yopmail.com,Marita.Adamsen@gmail.com,developer
181,Georgina,Halla,Georgina.Halla@yopmail.com,Georgina.Halla@gmail.com,police officer
182,Chandra,Cecile,Chandra.Cecile@yopmail.com,Chandra.Cecile@gmail.com,worker
183,Tomasina,Nisbet,Tomasina.Nisbet@yopmail.com,Tomasina.Nisbet@gmail.com,firefighter
184,Mara,Silvan,Mara.Silvan@yopmail.com,Mara.Silvan@gmail.com,police officer
185,Pollyanna,Drus,Pollyanna.Drus@yopmail.com,Pollyanna.Drus@gmail.com,police officer
186,Nariko,Yam,Nariko.Yam@yopmail.com,Nariko.Yam@gmail.com,firefighter
187,Hyacinthe,Yoko,Hyacinthe.Yoko@yopmail.com,Hyacinthe.Yoko@gmail.com,worker
188,Arlena,Lytton,Arlena.Lytton@yopmail.com,Arlena.Lytton@gmail.com,developer
189,Lyssa,Melleta,Lyssa.Melleta@yopmail.com,Lyssa.Melleta@gmail.com,worker
190,Beth,Gwenore,Beth.Gwenore@yopmail.com,Beth.Gwenore@gmail.com,police officer
191,Violet,Rebecka,Violet.Rebecka@yopmail.com,Violet.Rebecka@gmail.com,developer
192,Audrie,Vastah,Audrie.Vastah@yopmail.com,Audrie.Vastah@gmail.com,worker
193,Ronna,Hull,Ronna.Hull@yopmail.com,Ronna.Hull@gmail.com,worker
194,Anica,Amand,Anica.Amand@yopmail.com,Anica.Amand@gmail.com,doctor
195,Adelle,Francyne,Adelle.Francyne@yopmail.com,Adelle.Francyne@gmail.com,worker
196,Kalina,Belldas,Kalina.Belldas@yopmail.com,Kalina.Belldas@gmail.com,doctor
197,Karolina,Gunn,Karolina.Gunn@yopmail.com,Karolina.Gunn@gmail.com,firefighter
198,Hollie,Teryn,Hollie.Teryn@yopmail.com,Hollie.Teryn@gmail.com,developer
199,Brooks,Medrek,Brooks.Medrek@yopmail.com,Brooks.Medrek@gmail.com,doctor
200,Sonni,Thunell,Sonni.Thunell@yopmail.com,Sonni.Thunell@gmail.com,doctor
201,Jere,Publia,Jere.Publia@yopmail.com,Jere.Publia@gmail.com,developer
202,Lynde,Germann,Lynde.Germann@yopmail.com,Lynde.Germann@gmail.com,doctor
203,Cyndie,Lorain,Cyndie.Lorain@yopmail.com,Cyndie.Lorain@gmail.com,doctor
204,Deloria,Artie,Deloria.Artie@yopmail.com,Deloria.Artie@gmail.com,firefighter
205,Glynnis,Weinreb,Glynnis.Weinreb@yopmail.com,Glynnis.Weinreb@gmail.com,firefighter
206,Laurene,Thornburg,Laurene.Thornburg@yopmail.com,Laurene.Thornburg@gmail.com,developer
207,Gwenneth,Ciapas,Gwenneth.Ciapas@yopmail.com,Gwenneth.Ciapas@gmail.com,police officer
208,Corene,Rolf,Corene.Rolf@yopmail.com,Corene.Rolf@gmail.com,police officer
209,Lanna,Arvo,Lanna.Arvo@yopmail.com,Lanna.Arvo@gmail.com,developer
210,Dede,Corabella,Dede.Corabella@yopmail.com,Dede.Corabella@gmail.com,worker
211,Minne,Pettiford,Minne.Pettiford@yopmail.com,Minne.Pettiford@gmail.com,firefighter
212,Iseabal,Milde,Iseabal.Milde@yopmail.com,Iseabal.Milde@gmail.com,police officer
213,Jemie,Nisbet,Jemie.Nisbet@yopmail.com,Jemie.Nisbet@gmail.com,doctor
214,Isa,Elsinore,Isa.Elsinore@yopmail.com,Isa.Elsinore@gmail.com,developer
215,Roxane,Lumbard,Roxane.Lumbard@yopmail.com,Roxane.Lumbard@gmail.com,doctor
216,Cacilie,Kazimir,Cacilie.Kazimir@yopmail.com,Cacilie.Kazimir@gmail.com,doctor
217,Nicoli,Chauncey,Nicoli.Chauncey@yopmail.com,Nicoli.Chauncey@gmail.com,firefighter
218,Cassondra,Cleo,Cassondra.Cleo@yopmail.com,Cassondra.Cleo@gmail.com,police officer
219,Oralee,Serilda,Oralee.Serilda@yopmail.com,Oralee.Serilda@gmail.com,police officer
220,Hettie,Ambrosia,Hettie.Ambrosia@yopmail.com,Hettie.Ambrosia@gmail.com,developer
221,Fernande,Ludewig,Fernande.Ludewig@yopmail.com,Fernande.Ludewig@gmail.com,worker
222,Emylee,Tannie,Emylee.Tannie@yopmail.com,Emylee.Tannie@gmail.com,doctor
223,Zia,Hebner,Zia.Hebner@yopmail.com,Zia.Hebner@gmail.com,worker
224,Wynne,Japeth,Wynne.Japeth@yopmail.com,Wynne.Japeth@gmail.com,developer
225,Vinita,Bryna,Vinita.Bryna@yopmail.com,Vinita.Bryna@gmail.com,doctor
226,Catrina,Argus,Catrina.Argus@yopmail.com,Catrina.Argus@gmail.com,police officer
227,Agathe,Ursulette,Agathe.Ursulette@yopmail.com,Agathe.Ursulette@gmail.com,worker
228,Ricky,Bettine,Ricky.Bettine@yopmail.com,Ricky.Bettine@gmail.com,firefighter
229,Zsa Zsa,Fitzsimmons,Zsa Zsa.Fitzsimmons@yopmail.com,Zsa Zsa.Fitzsimmons@gmail.com,doctor
230,Silvana,Charmine,Silvana.Charmine@yopmail.com,Silvana.Charmine@gmail.com,worker
231,Madeleine,Teddman,Madeleine.Teddman@yopmail.com,Madeleine.Teddman@gmail.com,firefighter
232,Chandra,Allare,Chandra.Allare@yopmail.com,Chandra.Allare@gmail.com,firefighter
233,June,Miru,June.Miru@yopmail.com,June.Miru@gmail.com,firefighter
234,Collen,Skurnik,Collen.Skurnik@yopmail.com,Collen.Skurnik@gmail.com,doctor
235,Rhoda,Hillel,Rhoda.Hillel@yopmail.com,Rhoda.Hillel@gmail.com,developer
236,Jan,Ailyn,Jan.Ailyn@yopmail.com,Jan.Ailyn@gmail.com,firefighter
237,Mignon,Kunin,Mignon.Kunin@yopmail.com,Mignon.Kunin@gmail.com,worker
238,Constance,Dom,Constance.Dom@yopmail.com,Constance.Dom@gmail.com,worker
239,Robbi,Buffum,Robbi.Buffum@yopmail.com,Robbi.Buffum@gmail.com,police officer
240,Sean,Flita,Sean.Flita@yopmail.com,Sean.Flita@gmail.com,firefighter
241,Chere,Estella,Chere.Estella@yopmail.com,Chere.Estella@gmail.com,police officer
242,Rosene,Eldrid,Rosene.Eldrid@yopmail.com,Rosene.Eldrid@gmail.com,developer
243,Harrietta,Allys,Harrietta.Allys@yopmail.com,Harrietta.Allys@gmail.com,doctor
244,Tami,Mullane,Tami.Mullane@yopmail.com,Tami.Mullane@gmail.com,police officer
245,Rochette,Bivins,Rochette.Bivins@yopmail.com,Rochette.Bivins@gmail.com,worker
246,Jasmina,Thad,Jasmina.Thad@yopmail.com,Jasmina.Thad@gmail.com,worker
247,Dennie,Wenda,Dennie.Wenda@yopmail.com,Dennie.Wenda@gmail.com,developer
248,Sharai,Mata,Sharai.Mata@yopmail.com,Sharai.Mata@gmail.com,developer
249,Philis,Nelsen,Philis.Nelsen@yopmail.com,Philis.Nelsen@gmail.com,police officer
250,Tomasina,Monk,Tomasina.Monk@yopmail.com,Tomasina.Monk@gmail.com,police officer
251,Sheree,Gordon,Sheree.Gordon@yopmail.com,Sheree.Gordon@gmail.com,firefighter
252,Barbi,Flyn,Barbi.Flyn@yopmail.com,Barbi.Flyn@gmail.com,police officer
253,Susan,Scammon,Susan.Scammon@yopmail.com,Susan.Scammon@gmail.com,doctor
254,Genevra,Mendez,Genevra.Mendez@yopmail.com,Genevra.Mendez@gmail.com,developer
255,Nariko,Baudin,Nariko.Baudin@yopmail.com,Nariko.Baudin@gmail.com,developer
256,Mignon,Connelly,Mignon.Connelly@yopmail.com,Mignon.Connelly@gmail.com,developer
257,Ulrike,Giff,Ulrike.Giff@yopmail.com,Ulrike.Giff@gmail.com,police officer
258,Genovera,Haerr,Genovera.Haerr@yopmail.com,Genovera.Haerr@gmail.com,developer
259,Janis,Wenda,Janis.Wenda@yopmail.com,Janis.Wenda@gmail.com,developer
260,Sibella,Deny,Sibella.Deny@yopmail.com,Sibella.Deny@gmail.com,developer
261,Livvyy,Sadowski,Livvyy.Sadowski@yopmail.com,Livvyy.Sadowski@gmail.com,police officer
262,Sarette,Tannie,Sarette.Tannie@yopmail.com,Sarette.Tannie@gmail.com,firefighter
263,Judy,Tengdin,Judy.Tengdin@yopmail.com,Judy.Tengdin@gmail.com,police officer
264,Allyce,Obed,Allyce.Obed@yopmail.com,Allyce.Obed@gmail.com,doctor
265,Robinia,Hoban,Robinia.Hoban@yopmail.com,Robinia.Hoban@gmail.com,worker
266,Jillayne,Velick,Jillayne.Velick@yopmail.com,Jillayne.Velick@gmail.com,developer
267,Devina,Haymes,Devina.Haymes@yopmail.com,Devina.Haymes@gmail.com,police officer
268,Lorenza,Sigfrid,Lorenza.Sigfrid@yopmail.com,Lorenza.Sigfrid@gmail.com,worker
269,Nariko,Bigner,Nariko.Bigner@yopmail.com,Nariko.Bigner@gmail.com,firefighter
270,Dulcinea,Boehike,Dulcinea.Boehike@yopmail.com,Dulcinea.Boehike@gmail.com,police officer
271,Merrie,Felizio,Merrie.Felizio@yopmail.com,Merrie.Felizio@gmail.com,firefighter
272,Candy,Elisha,Candy.Elisha@yopmail.com,Candy.Elisha@gmail.com,firefighter
273,Sara-Ann,Skell,Sara-Ann.Skell@yopmail.com,Sara-Ann.Skell@gmail.com,developer
274,Lucy,Frodi,Lucy.Frodi@yopmail.com,Lucy.Frodi@gmail.com,doctor
275,Constance,Rooney,Constance.Rooney@yopmail.com,Constance.Rooney@gmail.com,police officer
276,Sara-Ann,An,Sara-Ann.An@yopmail.com,Sara-Ann.An@gmail.com,police officer
277,Emma,Delila,Emma.Delila@yopmail.com,Emma.Delila@gmail.com,doctor
278,Joleen,Middleton,Joleen.Middleton@yopmail.com,Joleen.Middleton@gmail.com,police officer
279,Alyssa,Luhe,Alyssa.Luhe@yopmail.com,Alyssa.Luhe@gmail.com,firefighter
280,Adriana,Bohlin,Adriana.Bohlin@yopmail.com,Adriana.Bohlin@gmail.com,worker
281,Catrina,Joseph,Catrina.Joseph@yopmail.com,Catrina.Joseph@gmail.com,firefighter
282,Hope,Remmer,Hope.Remmer@yopmail.com,Hope.Remmer@gmail.com,doctor
283,Lynea,Nickola,Lynea.Nickola@yopmail.com,Lynea.Nickola@gmail.com,doctor
284,Dari,Raama,Dari.Raama@yopmail.com,Dari.Raama@gmail.com,doctor
285,Marika,Jethro,Marika.Jethro@yopmail.com,Marika.Jethro@gmail.com,firefighter
286,Kial,Bennie,Kial.Bennie@yopmail.com,Kial.Bennie@gmail.com,firefighter
287,Marnia,Parsaye,Marnia.Parsaye@yopmail.com,Marnia.Parsaye@gmail.com,police officer
288,Oralee,Rustice,Oralee.Rustice@yopmail.com,Oralee.Rustice@gmail.com,firefighter
289,Cherilyn,Tippets,Cherilyn.Tippets@yopmail.com,Cherilyn.Tippets@gmail.com,developer
290,Elsie,Lucienne,Elsie.Lucienne@yopmail.com,Elsie.Lucienne@gmail.com,doctor
291,Brietta,Ade,Brietta.Ade@yopmail.com,Brietta.Ade@gmail.com,worker
292,Paulita,Septima,Paulita.Septima@yopmail.com,Paulita.Septima@gmail.com,police officer
293,Anica,Rhu,Anica.Rhu@yopmail.com,Anica.Rhu@gmail.com,worker
294,Orsola,Schlosser,Orsola.Schlosser@yopmail.com,Orsola.Schlosser@gmail.com,police officer
295,Rozele,Hamil,Rozele.Hamil@yopmail.com,Rozele.Hamil@gmail.com,developer
296,Gusty,Jenness,Gusty.Jenness@yopmail.com,Gusty.Jenness@gmail.com,developer
297,Glenda,Baptlsta,Glenda.Baptlsta@yopmail.com,Glenda.Baptlsta@gmail.com,police officer
298,Jessy,Alarise,Jessy.Alarise@yopmail.com,Jessy.Alarise@gmail.com,police officer
299,Florie,Geffner,Florie.Geffner@yopmail.com,Florie.Geffner@gmail.com,police officer
300,Cissiee,Old,Cissiee.Old@yopmail.com,Cissiee.Old@gmail.com,firefighter
301,Keelia,Gaspard,Keelia.Gaspard@yopmail.com,Keelia.Gaspard@gmail.com,developer
302,Clementine,Mendez,Clementine.Mendez@yopmail.com,Clementine.Mendez@gmail.com,police officer
303,Giustina,Santoro,Giustina.Santoro@yopmail.com,Giustina.Santoro@gmail.com,doctor
304,Silvana,Lemuela,Silvana.Lemuela@yopmail.com,Silvana.Lemuela@gmail.com,firefighter
305,Perry,Donell,Perry.Donell@yopmail.com,Perry.Donell@gmail.com,firefighter
306,Sidoney,Rozanna,Sidoney.Rozanna@yopmail.com,Sidoney.Rozanna@gmail.com,firefighter
307,Vonny,Rese,Vonny.Rese@yopmail.com,Vonny.Rese@gmail.com,police officer
308,Kaia,Quinn,Kaia.Quinn@yopmail.com,Kaia.Quinn@gmail.com,worker
309,Lily,Pulsifer,Lily.Pulsifer@yopmail.com,Lily.Pulsifer@gmail.com,firefighter
310,Betta,Stanwood,Betta.Stanwood@yopmail.com,Betta.Stanwood@gmail.com,police officer
311,Nerta,Lorain,Nerta.Lorain@yopmail.com,Nerta.Lorain@gmail.com,worker
312,Kathi,Ailyn,Kathi.Ailyn@yopmail.com,Kathi.Ailyn@gmail.com,doctor
313,Madelle,Gilbertson,Madelle.Gilbertson@yopmail.com,Madelle.Gilbertson@gmail.com,police officer
314,Marylou,Phaidra,Marylou.Phaidra@yopmail.com,Marylou.Phaidra@gmail.com,developer
315,Jinny,Ellord,Jinny.Ellord@yopmail.com,Jinny.Ellord@gmail.com,worker
316,Karina,Nelsen,Karina.Nelsen@yopmail.com,Karina.Nelsen@gmail.com,firefighter
317,Lelah,Dawkins,Lelah.Dawkins@yopmail.com,Lelah.Dawkins@gmail.com,firefighter
318,Charlena,Creamer,Charlena.Creamer@yopmail.com,Charlena.Creamer@gmail.com,firefighter
319,Jean,Ludewig,Jean.Ludewig@yopmail.com,Jean.Ludewig@gmail.com,worker
320,Fina,Stilwell,Fina.Stilwell@yopmail.com,Fina.Stilwell@gmail.com,worker
321,Cristabel,Destinee,Cristabel.Destinee@yopmail.com,Cristabel.Destinee@gmail.com,worker
322,Tami,Nore,Tami.Nore@yopmail.com,Tami.Nore@gmail.com,doctor
323,Maridel,Wandie,Maridel.Wandie@yopmail.com,Maridel.Wandie@gmail.com,firefighter
324,Dawn,Nedrud,Dawn.Nedrud@yopmail.com,Dawn.Nedrud@gmail.com,worker
325,Max,Weinreb,Max.Weinreb@yopmail.com,Max.Weinreb@gmail.com,firefighter
326,Carree,Hollingsworth,Carree.Hollingsworth@yopmail.com,Carree.Hollingsworth@gmail.com,police officer
327,Nikki,Dalli,Nikki.Dalli@yopmail.com,Nikki.Dalli@gmail.com,worker
328,Gwyneth,Hertzfeld,Gwyneth.Hertzfeld@yopmail.com,Gwyneth.Hertzfeld@gmail.com,firefighter
329,Dale,Lewes,Dale.Lewes@yopmail.com,Dale.Lewes@gmail.com,police officer
330,Teriann,Niles,Teriann.Niles@yopmail.com,Teriann.Niles@gmail.com,doctor
331,Audrie,Alejoa,Audrie.Alejoa@yopmail.com,Audrie.Alejoa@gmail.com,worker
332,Wilma,Eugenia,Wilma.Eugenia@yopmail.com,Wilma.Eugenia@gmail.com,worker
333,Orsola,Noelyn,Orsola.Noelyn@yopmail.com,Orsola.Noelyn@gmail.com,doctor
334,Celene,Gillan,Celene.Gillan@yopmail.com,Celene.Gillan@gmail.com,firefighter
335,Gui,Chobot,Gui.Chobot@yopmail.com,Gui.Chobot@gmail.com,developer
336,Keelia,Rurik,Keelia.Rurik@yopmail.com,Keelia.Rurik@gmail.com,worker
337,Jan,Tannie,Jan.Tannie@yopmail.com,Jan.Tannie@gmail.com,developer
338,Merci,Vorster,Merci.Vorster@yopmail.com,Merci.Vorster@gmail.com,firefighter
339,Allis,Chaing,Allis.Chaing@yopmail.com,Allis.Chaing@gmail.com,firefighter
340,Rosabelle,Fontana,Rosabelle.Fontana@yopmail.com,Rosabelle.Fontana@gmail.com,developer
341,Willetta,Ingra,Willetta.Ingra@yopmail.com,Willetta.Ingra@gmail.com,worker
342,Tobe,Hilbert,Tobe.Hilbert@yopmail.com,Tobe.Hilbert@gmail.com,doctor
343,Justinn,Seumas,Justinn.Seumas@yopmail.com,Justinn.Seumas@gmail.com,doctor
344,Kristan,McGrody,Kristan.McGrody@yopmail.com,Kristan.McGrody@gmail.com,doctor
345,Caryl,Keily,Caryl.Keily@yopmail.com,Caryl.Keily@gmail.com,police officer
346,Isa,Sikorski,Isa.Sikorski@yopmail.com,Isa.Sikorski@gmail.com,doctor
347,Taffy,Helve,Taffy.Helve@yopmail.com,Taffy.Helve@gmail.com,developer
348,Atlanta,Baylor,Atlanta.Baylor@yopmail.com,Atlanta.Baylor@gmail.com,worker
349,Stephanie,Deny,Stephanie.Deny@yopmail.com,Stephanie.Deny@gmail.com,doctor
350,Lynde,Schenck,Lynde.Schenck@yopmail.com,Lynde.Schenck@gmail.com,doctor
351,Amalie,Toni,Amalie.Toni@yopmail.com,Amalie.Toni@gmail.com,worker
352,Selma,Fontana,Selma.Fontana@yopmail.com,Selma.Fontana@gmail.com,worker
353,Sibella,Cleavland,Sibella.Cleavland@yopmail.com,Sibella.Cleavland@gmail.com,police officer
354,Georgina,McNully,Georgina.McNully@yopmail.com,Georgina.McNully@gmail.com,firefighter
355,Ketti,Halsey,Ketti.Halsey@yopmail.com,Ketti.Halsey@gmail.com,worker
356,Darci,Ardeha,Darci.Ardeha@yopmail.com,Darci.Ardeha@gmail.com,police officer
357,Maridel,Sperling,Maridel.Sperling@yopmail.com,Maridel.Sperling@gmail.com,doctor
358,Dione,Gregrory,Dione.Gregrory@yopmail.com,Dione.Gregrory@gmail.com,doctor
359,Elfreda,Bibi,Elfreda.Bibi@yopmail.com,Elfreda.Bibi@gmail.com,worker
360,Mariele,Heisel,Mariele.Heisel@yopmail.com,Mariele.Heisel@gmail.com,firefighter
361,Neila,Emanuel,Neila.Emanuel@yopmail.com,Neila.Emanuel@gmail.com,firefighter
362,Vivia,Ashok,Vivia.Ashok@yopmail.com,Vivia.Ashok@gmail.com,doctor
363,Kamilah,Evvie,Kamilah.Evvie@yopmail.com,Kamilah.Evvie@gmail.com,firefighter
364,Glenda,Afton,Glenda.Afton@yopmail.com,Glenda.Afton@gmail.com,doctor
365,Deloria,Bakerman,Deloria.Bakerman@yopmail.com,Deloria.Bakerman@gmail.com,developer
366,Alex,Kauppi,Alex.Kauppi@yopmail.com,Alex.Kauppi@gmail.com,firefighter
367,Flory,Peti,Flory.Peti@yopmail.com,Flory.Peti@gmail.com,developer
368,Brianna,Kaete,Brianna.Kaete@yopmail.com,Brianna.Kaete@gmail.com,worker
369,Bill,Gunn,Bill.Gunn@yopmail.com,Bill.Gunn@gmail.com,developer
370,Suzette,Timon,Suzette.Timon@yopmail.com,Suzette.Timon@gmail.com,developer
371,Joane,Armanda,Joane.Armanda@yopmail.com,Joane.Armanda@gmail.com,police officer
372,Maridel,Bettine,Maridel.Bettine@yopmail.com,Maridel.Bettine@gmail.com,police officer
373,Thalia,Llovera,Thalia.Llovera@yopmail.com,Thalia.Llovera@gmail.com,doctor
374,Lorenza,Bartlett,Lorenza.Bartlett@yopmail.com,Lorenza.Bartlett@gmail.com,developer
375,Edith,Poppy,Edith.Poppy@yopmail.com,Edith.Poppy@gmail.com,developer
376,Charmaine,Clie,Charmaine.Clie@yopmail.com,Charmaine.Clie@gmail.com,doctor
377,Ida,Johanna,Ida.Johanna@yopmail.com,Ida.Johanna@gmail.com,worker
378,Marcy,Harned,Marcy.Harned@yopmail.com,Marcy.Harned@gmail.com,firefighter
379,Melodie,Sasnett,Melodie.Sasnett@yopmail.com,Melodie.Sasnett@gmail.com,worker
380,Judy,Ortrude,Judy.Ortrude@yopmail.com,Judy.Ortrude@gmail.com,worker
381,Hildegaard,Cimbura,Hildegaard.Cimbura@yopmail.com,Hildegaard.Cimbura@gmail.com,firefighter
382,Mathilda,Leonard,Mathilda.Leonard@yopmail.com,Mathilda.Leonard@gmail.com,doctor
383,Modestia,Pauly,Modestia.Pauly@yopmail.com,Modestia.Pauly@gmail.com,doctor
384,Constance,Oster,Constance.Oster@yopmail.com,Constance.Oster@gmail.com,doctor
385,Marnia,Hebner,Marnia.Hebner@yopmail.com,Marnia.Hebner@gmail.com,doctor
386,Dyann,Reidar,Dyann.Reidar@yopmail.com,Dyann.Reidar@gmail.com,firefighter
387,Leeanne,Hubert,Leeanne.Hubert@yopmail.com,Leeanne.Hubert@gmail.com,police officer
388,Jean,Penelopa,Jean.Penelopa@yopmail.com,Jean.Penelopa@gmail.com,firefighter
389,Rivalee,Bates,Rivalee.Bates@yopmail.com,Rivalee.Bates@gmail.com,police officer
390,Renae,Belldas,Renae.Belldas@yopmail.com,Renae.Belldas@gmail.com,police officer
391,Janeczka,Elsinore,Janeczka.Elsinore@yopmail.com,Janeczka.Elsinore@gmail.com,doctor
392,Ada,Parette,Ada.Parette@yopmail.com,Ada.Parette@gmail.com,police officer
393,Ivett,Jefferey,Ivett.Jefferey@yopmail.com,Ivett.Jefferey@gmail.com,firefighter
394,Sharlene,Alice,Sharlene.Alice@yopmail.com,Sharlene.Alice@gmail.com,firefighter
395,Nollie,O'Rourke,Nollie.O'Rourke@yopmail.com,Nollie.O'Rourke@gmail.com,firefighter
396,Starla,Wu,Starla.Wu@yopmail.com,Starla.Wu@gmail.com,firefighter
397,Mariele,Hermes,Mariele.Hermes@yopmail.com,Mariele.Hermes@gmail.com,doctor
398,Calla,Garek,Calla.Garek@yopmail.com,Calla.Garek@gmail.com,developer
399,Ethel,Maryanne,Ethel.Maryanne@yopmail.com,Ethel.Maryanne@gmail.com,developer
400,Alejandra,Shelba,Alejandra.Shelba@yopmail.com,Alejandra.Shelba@gmail.com,developer
401,Donetta,Jerold,Donetta.Jerold@yopmail.com,Donetta.Jerold@gmail.com,police officer
402,Jenda,Shelba,Jenda.Shelba@yopmail.com,Jenda.Shelba@gmail.com,firefighter
403,Kimberley,Engdahl,Kimberley.Engdahl@yopmail.com,Kimberley.Engdahl@gmail.com,firefighter
404,Roz,Harl,Roz.Harl@yopmail.com,Roz.Harl@gmail.com,firefighter
405,Noelle,Darian,Noelle.Darian@yopmail.com,Noelle.Darian@gmail.com,police officer
406,Cacilie,Dannye,Cacilie.Dannye@yopmail.com,Cacilie.Dannye@gmail.com,worker
407,Karena,Eno,Karena.Eno@yopmail.com,Karena.Eno@gmail.com,developer
408,Marylou,Couture,Marylou.Couture@yopmail.com,Marylou.Couture@gmail.com,firefighter
409,Flory,Belanger,Flory.Belanger@yopmail.com,Flory.Belanger@gmail.com,doctor
410,Tera,Socha,Tera.Socha@yopmail.com,Tera.Socha@gmail.com,worker
411,Lusa,Magdalen,Lusa.Magdalen@yopmail.com,Lusa.Magdalen@gmail.com,doctor
412,Joane,Pacorro,Joane.Pacorro@yopmail.com,Joane.Pacorro@gmail.com,police officer
413,Konstance,Bertold,Konstance.Bertold@yopmail.com,Konstance.Bertold@gmail.com,police officer
414,Rhea,Gusella,Rhea.Gusella@yopmail.com,Rhea.Gusella@gmail.com,police officer
415,Tera,Chandler,Tera.Chandler@yopmail.com,Tera.Chandler@gmail.com,worker
416,Janis,Margret,Janis.Margret@yopmail.com,Janis.Margret@gmail.com,police officer
417,Evita,Posner,Evita.Posner@yopmail.com,Evita.Posner@gmail.com,worker
418,Meriel,Laurianne,Meriel.Laurianne@yopmail.com,Meriel.Laurianne@gmail.com,police officer
419,Glynnis,Ries,Glynnis.Ries@yopmail.com,Glynnis.Ries@gmail.com,firefighter
420,Devina,Jagir,Devina.Jagir@yopmail.com,Devina.Jagir@gmail.com,police officer
421,Bobbi,Center,Bobbi.Center@yopmail.com,Bobbi.Center@gmail.com,firefighter
422,Rubie,Lutero,Rubie.Lutero@yopmail.com,Rubie.Lutero@gmail.com,worker
423,Amalie,Neils,Amalie.Neils@yopmail.com,Amalie.Neils@gmail.com,police officer
424,Lyssa,Reinke,Lyssa.Reinke@yopmail.com,Lyssa.Reinke@gmail.com,police officer
425,Letizia,Klemperer,Letizia.Klemperer@yopmail.com,Letizia.Klemperer@gmail.com,doctor
426,Celestyna,Urias,Celestyna.Urias@yopmail.com,Celestyna.Urias@gmail.com,firefighter
427,Lorenza,Couture,Lorenza.Couture@yopmail.com,Lorenza.Couture@gmail.com,doctor
428,Shirlee,Sisile,Shirlee.Sisile@yopmail.com,Shirlee.Sisile@gmail.com,doctor
429,Mariele,Marijo,Mariele.Marijo@yopmail.com,Mariele.Marijo@gmail.com,police officer
430,Aryn,Annice,Aryn.Annice@yopmail.com,Aryn.Annice@gmail.com,doctor
431,Luci,Secrest,Luci.Secrest@yopmail.com,Luci.Secrest@gmail.com,worker
432,Ninnetta,Howlyn,Ninnetta.Howlyn@yopmail.com,Ninnetta.Howlyn@gmail.com,worker
433,Giustina,Kesley,Giustina.Kesley@yopmail.com,Giustina.Kesley@gmail.com,police officer
434,Asia,Clarissa,Asia.Clarissa@yopmail.com,Asia.Clarissa@gmail.com,doctor
435,Trixi,Maisey,Trixi.Maisey@yopmail.com,Trixi.Maisey@gmail.com,doctor
436,Claudina,Peg,Claudina.Peg@yopmail.com,Claudina.Peg@gmail.com,doctor
437,Inga,Clara,Inga.Clara@yopmail.com,Inga.Clara@gmail.com,firefighter
438,Betta,Howlyn,Betta.Howlyn@yopmail.com,Betta.Howlyn@gmail.com,police officer
439,Sonni,Gusella,Sonni.Gusella@yopmail.com,Sonni.Gusella@gmail.com,developer
440,Mathilda,Stover,Mathilda.Stover@yopmail.com,Mathilda.Stover@gmail.com,firefighter
441,Ketti,Stav,Ketti.Stav@yopmail.com,Ketti.Stav@gmail.com,firefighter
442,Carmencita,Joni,Carmencita.Joni@yopmail.com,Carmencita.Joni@gmail.com,doctor
443,Gwyneth,Harned,Gwyneth.Harned@yopmail.com,Gwyneth.Harned@gmail.com,police officer
444,Paulita,Bonilla,Paulita.Bonilla@yopmail.com,Paulita.Bonilla@gmail.com,doctor
445,Ursulina,Koziara,Ursulina.Koziara@yopmail.com,Ursulina.Koziara@gmail.com,police officer
446,Blinni,Pelagias,Blinni.Pelagias@yopmail.com,Blinni.Pelagias@gmail.com,firefighter
447,Nonnah,Alwin,Nonnah.Alwin@yopmail.com,Nonnah.Alwin@gmail.com,worker
448,Jenilee,Cath,Jenilee.Cath@yopmail.com,Jenilee.Cath@gmail.com,police officer
449,Adore,Alva,Adore.Alva@yopmail.com,Adore.Alva@gmail.com,worker
450,Michaelina,Simmonds,Michaelina.Simmonds@yopmail.com,Michaelina.Simmonds@gmail.com,worker
451,Jenilee,Sherfield,Jenilee.Sherfield@yopmail.com,Jenilee.Sherfield@gmail.com,doctor
452,Aeriela,Zachary,Aeriela.Zachary@yopmail.com,Aeriela.Zachary@gmail.com,worker
453,Ethel,Bonucci,Ethel.Bonucci@yopmail.com,Ethel.Bonucci@gmail.com,worker
454,Raina,Faria,Raina.Faria@yopmail.com,Raina.Faria@gmail.com,developer
455,June,Charity,June.Charity@yopmail.com,June.Charity@gmail.com,firefighter
456,Harrietta,Lorain,Harrietta.Lorain@yopmail.com,Harrietta.Lorain@gmail.com,doctor
457,Nessie,Hortensia,Nessie.Hortensia@yopmail.com,Nessie.Hortensia@gmail.com,firefighter
458,Kayla,Syd,Kayla.Syd@yopmail.com,Kayla.Syd@gmail.com,developer
459,Tybie,Skurnik,Tybie.Skurnik@yopmail.com,Tybie.Skurnik@gmail.com,firefighter
460,Dulce,Anyah,Dulce.Anyah@yopmail.com,Dulce.Anyah@gmail.com,police officer
461,Ericka,August,Ericka.August@yopmail.com,Ericka.August@gmail.com,developer
462,Gianina,Rona,Gianina.Rona@yopmail.com,Gianina.Rona@gmail.com,developer
463,Marcy,Center,Marcy.Center@yopmail.com,Marcy.Center@gmail.com,firefighter
464,Carree,Mata,Carree.Mata@yopmail.com,Carree.Mata@gmail.com,doctor
465,Alia,Lutero,Alia.Lutero@yopmail.com,Alia.Lutero@gmail.com,worker
466,Micheline,Merriott,Micheline.Merriott@yopmail.com,Micheline.Merriott@gmail.com,police officer
467,Janenna,Corabella,Janenna.Corabella@yopmail.com,Janenna.Corabella@gmail.com,police officer
468,Minne,Rustice,Minne.Rustice@yopmail.com,Minne.Rustice@gmail.com,worker
469,Michaelina,Kellby,Michaelina.Kellby@yopmail.com,Michaelina.Kellby@gmail.com,worker
470,Wynne,Pitt,Wynne.Pitt@yopmail.com,Wynne.Pitt@gmail.com,developer
471,Marita,Bartlett,Marita.Bartlett@yopmail.com,Marita.Bartlett@gmail.com,doctor
472,Barbara,Euridice,Barbara.Euridice@yopmail.com,Barbara.Euridice@gmail.com,worker
473,Johna,Bibi,Johna.Bibi@yopmail.com,Johna.Bibi@gmail.com,worker
474,Bernie,Douglass,Bernie.Douglass@yopmail.com,Bernie.Douglass@gmail.com,developer
475,Ruthe,Ursulette,Ruthe.Ursulette@yopmail.com,Ruthe.Ursulette@gmail.com,police officer
476,Lorenza,Jethro,Lorenza.Jethro@yopmail.com,Lorenza.Jethro@gmail.com,doctor
477,Reeba,Pacorro,Reeba.Pacorro@yopmail.com,Reeba.Pacorro@gmail.com,police officer
478,Liana,Verger,Liana.Verger@yopmail.com,Liana.Verger@gmail.com,police officer
479,Deloria,Land,Deloria.Land@yopmail.com,Deloria.Land@gmail.com,police officer
480,Loree,Rebecka,Loree.Rebecka@yopmail.com,Loree.Rebecka@gmail.com,police officer
481,Barbi,Angelis,Barbi.Angelis@yopmail.com,Barbi.Angelis@gmail.com,police officer
482,Anallese,Belldas,Anallese.Belldas@yopmail.com,Anallese.Belldas@gmail.com,developer
483,Lulita,Couture,Lulita.Couture@yopmail.com,Lulita.Couture@gmail.com,firefighter
484,Elmira,Syd,Elmira.Syd@yopmail.com,Elmira.Syd@gmail.com,doctor
485,Kara-Lynn,Merell,Kara-Lynn.Merell@yopmail.com,Kara-Lynn.Merell@gmail.com,police officer
486,Luci,Phi,Luci.Phi@yopmail.com,Luci.Phi@gmail.com,doctor
487,Tersina,Schalles,Tersina.Schalles@yopmail.com,Tersina.Schalles@gmail.com,doctor
488,Consuela,Belldas,Consuela.Belldas@yopmail.com,Consuela.Belldas@gmail.com,firefighter
489,Harrietta,Rillings,Harrietta.Rillings@yopmail.com,Harrietta.Rillings@gmail.com,doctor
490,Marnia,Codding,Marnia.Codding@yopmail.com,Marnia.Codding@gmail.com,doctor
491,Glynnis,Truc,Glynnis.Truc@yopmail.com,Glynnis.Truc@gmail.com,police officer
492,Florencia,Kevon,Florencia.Kevon@yopmail.com,Florencia.Kevon@gmail.com,developer
493,Annecorinne,Odysseus,Annecorinne.Odysseus@yopmail.com,Annecorinne.Odysseus@gmail.com,doctor
494,Carmencita,Koziara,Carmencita.Koziara@yopmail.com,Carmencita.Koziara@gmail.com,police officer
495,Amara,Quent,Amara.Quent@yopmail.com,Amara.Quent@gmail.com,police officer
496,Paule,Lay,Paule.Lay@yopmail.com,Paule.Lay@gmail.com,doctor
497,Nickie,Flita,Nickie.Flita@yopmail.com,Nickie.Flita@gmail.com,developer
498,Kaja,Ricki,Kaja.Ricki@yopmail.com,Kaja.Ricki@gmail.com,police officer
499,Renae,Fillbert,Renae.Fillbert@yopmail.com,Renae.Fillbert@gmail.com,worker
500,Corene,Cornelia,Corene.Cornelia@yopmail.com,Corene.Cornelia@gmail.com,doctor
501,Harrietta,Amand,Harrietta.Amand@yopmail.com,Harrietta.Amand@gmail.com,worker
502,Marita,Bronk,Marita.Bronk@yopmail.com,Marita.Bronk@gmail.com,doctor
503,Adore,Graig,Adore.Graig@yopmail.com,Adore.Graig@gmail.com,firefighter
504,Elsie,Bultman,Elsie.Bultman@yopmail.com,Elsie.Bultman@gmail.com,doctor
505,Shel,Zenas,Shel.Zenas@yopmail.com,Shel.Zenas@gmail.com,developer
506,Violet,Fitzsimmons,Violet.Fitzsimmons@yopmail.com,Violet.Fitzsimmons@gmail.com,developer
507,Kamilah,Colbert,Kamilah.Colbert@yopmail.com,Kamilah.Colbert@gmail.com,doctor
508,Helsa,Bartlett,Helsa.Bartlett@yopmail.com,Helsa.Bartlett@gmail.com,worker
509,Kate,Phi,Kate.Phi@yopmail.com,Kate.Phi@gmail.com,developer
510,Caressa,Olnee,Caressa.Olnee@yopmail.com,Caressa.Olnee@gmail.com,developer
511,Danika,Herrera,Danika.Herrera@yopmail.com,Danika.Herrera@gmail.com,firefighter
512,Corry,Roche,Corry.Roche@yopmail.com,Corry.Roche@gmail.com,police officer
513,Trixi,Evvie,Trixi.Evvie@yopmail.com,Trixi.Evvie@gmail.com,developer
514,Clary,Alfons,Clary.Alfons@yopmail.com,Clary.Alfons@gmail.com,developer
515,Agnese,Lalitta,Agnese.Lalitta@yopmail.com,Agnese.Lalitta@gmail.com,police officer
516,Harmonia,Kolnick,Harmonia.Kolnick@yopmail.com,Harmonia.Kolnick@gmail.com,worker
517,Carmencita,Modie,Carmencita.Modie@yopmail.com,Carmencita.Modie@gmail.com,doctor
518,Alameda,Percy,Alameda.Percy@yopmail.com,Alameda.Percy@gmail.com,police officer
519,Roslyn,Sawtelle,Roslyn.Sawtelle@yopmail.com,Roslyn.Sawtelle@gmail.com,developer
520,Claresta,Rillings,Claresta.Rillings@yopmail.com,Claresta.Rillings@gmail.com,doctor
521,Barbara,Nance,Barbara.Nance@yopmail.com,Barbara.Nance@gmail.com,developer
522,Josephine,Sheng,Josephine.Sheng@yopmail.com,Josephine.Sheng@gmail.com,doctor
523,Carlie,Stoller,Carlie.Stoller@yopmail.com,Carlie.Stoller@gmail.com,developer
524,Andeee,Slifka,Andeee.Slifka@yopmail.com,Andeee.Slifka@gmail.com,developer
525,Gavrielle,Ludewig,Gavrielle.Ludewig@yopmail.com,Gavrielle.Ludewig@gmail.com,firefighter
526,Blinni,Vharat,Blinni.Vharat@yopmail.com,Blinni.Vharat@gmail.com,doctor
527,Minne,Wareing,Minne.Wareing@yopmail.com,Minne.Wareing@gmail.com,worker
528,Elvira,Nahum,Elvira.Nahum@yopmail.com,Elvira.Nahum@gmail.com,police officer
529,Magdalena,Virgin,Magdalena.Virgin@yopmail.com,Magdalena.Virgin@gmail.com,doctor
530,Farrah,Schalles,Farrah.Schalles@yopmail.com,Farrah.Schalles@gmail.com,firefighter
531,Lilith,Orpah,Lilith.Orpah@yopmail.com,Lilith.Orpah@gmail.com,firefighter
532,Asia,Thad,Asia.Thad@yopmail.com,Asia.Thad@gmail.com,firefighter
533,Dede,Gert,Dede.Gert@yopmail.com,Dede.Gert@gmail.com,police officer
534,Rosabelle,Kauppi,Rosabelle.Kauppi@yopmail.com,Rosabelle.Kauppi@gmail.com,worker
535,Heddie,Lasley,Heddie.Lasley@yopmail.com,Heddie.Lasley@gmail.com,developer
536,Cathie,Kannry,Cathie.Kannry@yopmail.com,Cathie.Kannry@gmail.com,firefighter
537,Cathyleen,Durware,Cathyleen.Durware@yopmail.com,Cathyleen.Durware@gmail.com,doctor
538,Ardenia,Cleavland,Ardenia.Cleavland@yopmail.com,Ardenia.Cleavland@gmail.com,police officer
539,Lelah,Peonir,Lelah.Peonir@yopmail.com,Lelah.Peonir@gmail.com,worker
540,Lynde,Adamsen,Lynde.Adamsen@yopmail.com,Lynde.Adamsen@gmail.com,doctor
541,Lelah,Tamsky,Lelah.Tamsky@yopmail.com,Lelah.Tamsky@gmail.com,developer
542,Lila,Vilma,Lila.Vilma@yopmail.com,Lila.Vilma@gmail.com,firefighter
543,Eolanda,Stephie,Eolanda.Stephie@yopmail.com,Eolanda.Stephie@gmail.com,developer
544,Krystle,Salvidor,Krystle.Salvidor@yopmail.com,Krystle.Salvidor@gmail.com,police officer
545,Dorice,Love,Dorice.Love@yopmail.com,Dorice.Love@gmail.com,worker
546,Flory,Georas,Flory.Georas@yopmail.com,Flory.Georas@gmail.com,developer
547,Priscilla,Suanne,Priscilla.Suanne@yopmail.com,Priscilla.Suanne@gmail.com,firefighter
548,Juliane,Audly,Juliane.Audly@yopmail.com,Juliane.Audly@gmail.com,firefighter
549,Stevana,Lesley,Stevana.Lesley@yopmail.com,Stevana.Lesley@gmail.com,police officer
550,Teriann,Greyson,Teriann.Greyson@yopmail.com,Teriann.Greyson@gmail.com,police officer
551,Wendi,Rubie,Wendi.Rubie@yopmail.com,Wendi.Rubie@gmail.com,doctor
552,Aryn,Faria,Aryn.Faria@yopmail.com,Aryn.Faria@gmail.com,worker
553,Alejandra,Bertold,Alejandra.Bertold@yopmail.com,Alejandra.Bertold@gmail.com,worker
554,Hyacinthe,Paine,Hyacinthe.Paine@yopmail.com,Hyacinthe.Paine@gmail.com,worker
555,Vivia,Jalbert,Vivia.Jalbert@yopmail.com,Vivia.Jalbert@gmail.com,developer
556,Binny,Larochelle,Binny.Larochelle@yopmail.com,Binny.Larochelle@gmail.com,firefighter
557,Letizia,Koziara,Letizia.Koziara@yopmail.com,Letizia.Koziara@gmail.com,police officer
558,Diena,Bivins,Diena.Bivins@yopmail.com,Diena.Bivins@gmail.com,police officer
559,Merry,Odell,Merry.Odell@yopmail.com,Merry.Odell@gmail.com,worker
560,Tabbatha,Nedrud,Tabbatha.Nedrud@yopmail.com,Tabbatha.Nedrud@gmail.com,worker
561,Angela,Loeb,Angela.Loeb@yopmail.com,Angela.Loeb@gmail.com,developer
562,Viviene,Ruvolo,Viviene.Ruvolo@yopmail.com,Viviene.Ruvolo@gmail.com,developer
563,Kirbee,Kat,Kirbee.Kat@yopmail.com,Kirbee.Kat@gmail.com,firefighter
564,Fawne,Nicoline,Fawne.Nicoline@yopmail.com,Fawne.Nicoline@gmail.com,worker
565,Hyacinthe,Rocray,Hyacinthe.Rocray@yopmail.com,Hyacinthe.Rocray@gmail.com,firefighter
566,Heida,Ashely,Heida.Ashely@yopmail.com,Heida.Ashely@gmail.com,developer
567,Zondra,Hanleigh,Zondra.Hanleigh@yopmail.com,Zondra.Hanleigh@gmail.com,police officer
568,Collen,Fiester,Collen.Fiester@yopmail.com,Collen.Fiester@gmail.com,police officer
569,Anallese,Kinnard,Anallese.Kinnard@yopmail.com,Anallese.Kinnard@gmail.com,worker
570,Keelia,Tarrant,Keelia.Tarrant@yopmail.com,Keelia.Tarrant@gmail.com,firefighter
571,Arlina,Haymes,Arlina.Haymes@yopmail.com,Arlina.Haymes@gmail.com,firefighter
572,Lyssa,Rolf,Lyssa.Rolf@yopmail.com,Lyssa.Rolf@gmail.com,police officer
573,Constance,Craggie,Constance.Craggie@yopmail.com,Constance.Craggie@gmail.com,police officer
574,Carol-Jean,Gusella,Carol-Jean.Gusella@yopmail.com,Carol-Jean.Gusella@gmail.com,developer
575,Joelly,Gwenore,Joelly.Gwenore@yopmail.com,Joelly.Gwenore@gmail.com,worker
576,Lorie,Kunin,Lorie.Kunin@yopmail.com,Lorie.Kunin@gmail.com,police officer
577,Linzy,Lytton,Linzy.Lytton@yopmail.com,Linzy.Lytton@gmail.com,police officer
578,Wileen,Hashim,Wileen.Hashim@yopmail.com,Wileen.Hashim@gmail.com,worker
579,Fayre,Gunn,Fayre.Gunn@yopmail.com,Fayre.Gunn@gmail.com,doctor
580,Harrietta,Chobot,Harrietta.Chobot@yopmail.com,Harrietta.Chobot@gmail.com,worker
581,Lexine,Margarete,Lexine.Margarete@yopmail.com,Lexine.Margarete@gmail.com,police officer
582,Beatriz,Rosalba,Beatriz.Rosalba@yopmail.com,Beatriz.Rosalba@gmail.com,firefighter
583,Kristan,Erlandson,Kristan.Erlandson@yopmail.com,Kristan.Erlandson@gmail.com,doctor
584,Coral,Zachary,Coral.Zachary@yopmail.com,Coral.Zachary@gmail.com,developer
585,Madalyn,Smitt,Madalyn.Smitt@yopmail.com,Madalyn.Smitt@gmail.com,police officer
586,Wanda,Sekofski,Wanda.Sekofski@yopmail.com,Wanda.Sekofski@gmail.com,police officer
587,Esmeralda,Radu,Esmeralda.Radu@yopmail.com,Esmeralda.Radu@gmail.com,developer
588,Emma,Nedrud,Emma.Nedrud@yopmail.com,Emma.Nedrud@gmail.com,firefighter
589,Cacilie,Pitt,Cacilie.Pitt@yopmail.com,Cacilie.Pitt@gmail.com,firefighter
590,Ingrid,My,Ingrid.My@yopmail.com,Ingrid.My@gmail.com,doctor
591,Christy,Jerold,Christy.Jerold@yopmail.com,Christy.Jerold@gmail.com,doctor
592,Philis,Alva,Philis.Alva@yopmail.com,Philis.Alva@gmail.com,police officer
593,Rani,Artie,Rani.Artie@yopmail.com,Rani.Artie@gmail.com,developer
594,Annaliese,Wandie,Annaliese.Wandie@yopmail.com,Annaliese.Wandie@gmail.com,police officer
595,Mellicent,Marijo,Mellicent.Marijo@yopmail.com,Mellicent.Marijo@gmail.com,firefighter
596,Nyssa,Devlen,Nyssa.Devlen@yopmail.com,Nyssa.Devlen@gmail.com,police officer
597,Sharai,Corrine,Sharai.Corrine@yopmail.com,Sharai.Corrine@gmail.com,worker
598,Lyssa,Zrike,Lyssa.Zrike@yopmail.com,Lyssa.Zrike@gmail.com,police officer
599,Abbie,Stoller,Abbie.Stoller@yopmail.com,Abbie.Stoller@gmail.com,firefighter
600,Pearline,Gaal,Pearline.Gaal@yopmail.com,Pearline.Gaal@gmail.com,firefighter
601,Andree,Zetta,Andree.Zetta@yopmail.com,Andree.Zetta@gmail.com,firefighter
602,Goldie,Podvin,Goldie.Podvin@yopmail.com,Goldie.Podvin@gmail.com,developer
603,Maryellen,Emanuel,Maryellen.Emanuel@yopmail.com,Maryellen.Emanuel@gmail.com,doctor
604,Rosene,Elvyn,Rosene.Elvyn@yopmail.com,Rosene.Elvyn@gmail.com,police officer
605,Carly,Fink,Carly.Fink@yopmail.com,Carly.Fink@gmail.com,worker
606,Oralee,Harday,Oralee.Harday@yopmail.com,Oralee.Harday@gmail.com,worker
607,Anica,Hunfredo,Anica.Hunfredo@yopmail.com,Anica.Hunfredo@gmail.com,firefighter
608,Xylina,Neva,Xylina.Neva@yopmail.com,Xylina.Neva@gmail.com,firefighter
609,Mariann,Gaal,Mariann.Gaal@yopmail.com,Mariann.Gaal@gmail.com,developer
610,Giustina,Dowski,Giustina.Dowski@yopmail.com,Giustina.Dowski@gmail.com,doctor
611,Andeee,Harl,Andeee.Harl@yopmail.com,Andeee.Harl@gmail.com,developer
612,Laure,Ephrem,Laure.Ephrem@yopmail.com,Laure.Ephrem@gmail.com,worker
613,Hope,Engdahl,Hope.Engdahl@yopmail.com,Hope.Engdahl@gmail.com,doctor
614,Sherrie,Nerita,Sherrie.Nerita@yopmail.com,Sherrie.Nerita@gmail.com,doctor
615,Minda,Koehler,Minda.Koehler@yopmail.com,Minda.Koehler@gmail.com,doctor
616,Jennica,Means,Jennica.Means@yopmail.com,Jennica.Means@gmail.com,firefighter
617,Lorenza,Dahlia,Lorenza.Dahlia@yopmail.com,Lorenza.Dahlia@gmail.com,police officer
618,Myrtice,Tristram,Myrtice.Tristram@yopmail.com,Myrtice.Tristram@gmail.com,police officer
619,Yetty,Braun,Yetty.Braun@yopmail.com,Yetty.Braun@gmail.com,worker
620,Nollie,Carolin,Nollie.Carolin@yopmail.com,Nollie.Carolin@gmail.com,doctor
621,Anestassia,McClimans,Anestassia.McClimans@yopmail.com,Anestassia.McClimans@gmail.com,doctor
622,Hayley,Medrek,Hayley.Medrek@yopmail.com,Hayley.Medrek@gmail.com,developer
623,Deedee,Chrystel,Deedee.Chrystel@yopmail.com,Deedee.Chrystel@gmail.com,police officer
624,Addia,Durante,Addia.Durante@yopmail.com,Addia.Durante@gmail.com,doctor
625,Henriette,Bakerman,Henriette.Bakerman@yopmail.com,Henriette.Bakerman@gmail.com,police officer
626,Jenilee,Merell,Jenilee.Merell@yopmail.com,Jenilee.Merell@gmail.com,developer
627,Paulita,Remmer,Paulita.Remmer@yopmail.com,Paulita.Remmer@gmail.com,developer
628,Amelia,Hilbert,Amelia.Hilbert@yopmail.com,Amelia.Hilbert@gmail.com,firefighter
629,Ashlee,Lindemann,Ashlee.Lindemann@yopmail.com,Ashlee.Lindemann@gmail.com,police officer
630,Joane,Constancy,Joane.Constancy@yopmail.com,Joane.Constancy@gmail.com,worker
631,Donnie,Cassius,Donnie.Cassius@yopmail.com,Donnie.Cassius@gmail.com,police officer
632,Arlina,Telfer,Arlina.Telfer@yopmail.com,Arlina.Telfer@gmail.com,developer
633,Elena,Craggie,Elena.Craggie@yopmail.com,Elena.Craggie@gmail.com,worker
634,Clo,Kathie,Clo.Kathie@yopmail.com,Clo.Kathie@gmail.com,firefighter
635,Janey,Buckler,Janey.Buckler@yopmail.com,Janey.Buckler@gmail.com,doctor
636,Basia,Bigner,Basia.Bigner@yopmail.com,Basia.Bigner@gmail.com,police officer
637,Flory,Lory,Flory.Lory@yopmail.com,Flory.Lory@gmail.com,firefighter
638,Dotty,Craggie,Dotty.Craggie@yopmail.com,Dotty.Craggie@gmail.com,developer
639,Beth,Deny,Beth.Deny@yopmail.com,Beth.Deny@gmail.com,developer
640,Bernie,Palocz,Bernie.Palocz@yopmail.com,Bernie.Palocz@gmail.com,police officer
641,Brietta,Maiah,Brietta.Maiah@yopmail.com,Brietta.Maiah@gmail.com,firefighter
642,Dorthy,Seligman,Dorthy.Seligman@yopmail.com,Dorthy.Seligman@gmail.com,police officer
643,Dorthy,Leifeste,Dorthy.Leifeste@yopmail.com,Dorthy.Leifeste@gmail.com,doctor
644,Donetta,Gibbeon,Donetta.Gibbeon@yopmail.com,Donetta.Gibbeon@gmail.com,developer
645,Atlanta,Parette,Atlanta.Parette@yopmail.com,Atlanta.Parette@gmail.com,firefighter
646,Tarra,Ingra,Tarra.Ingra@yopmail.com,Tarra.Ingra@gmail.com,developer
647,Madelle,Fillbert,Madelle.Fillbert@yopmail.com,Madelle.Fillbert@gmail.com,firefighter
648,Ezmeralda,Malvino,Ezmeralda.Malvino@yopmail.com,Ezmeralda.Malvino@gmail.com,worker
649,Evita,Fitzsimmons,Evita.Fitzsimmons@yopmail.com,Evita.Fitzsimmons@gmail.com,worker
650,Laure,Maroney,Laure.Maroney@yopmail.com,Laure.Maroney@gmail.com,worker
651,Madelle,Weinreb,Madelle.Weinreb@yopmail.com,Madelle.Weinreb@gmail.com,doctor
652,Ellette,Drus,Ellette.Drus@yopmail.com,Ellette.Drus@gmail.com,developer
653,Adelle,Carleen,Adelle.Carleen@yopmail.com,Adelle.Carleen@gmail.com,police officer
654,Kenna,Lipson,Kenna.Lipson@yopmail.com,Kenna.Lipson@gmail.com,doctor
655,Tatiania,Glovsky,Tatiania.Glovsky@yopmail.com,Tatiania.Glovsky@gmail.com,doctor
656,Madeleine,Karna,Madeleine.Karna@yopmail.com,Madeleine.Karna@gmail.com,firefighter
657,Chandra,Bibi,Chandra.Bibi@yopmail.com,Chandra.Bibi@gmail.com,developer
658,Merci,Minetta,Merci.Minetta@yopmail.com,Merci.Minetta@gmail.com,developer
659,Kamilah,Allina,Kamilah.Allina@yopmail.com,Kamilah.Allina@gmail.com,worker
660,Merci,Yusuk,Merci.Yusuk@yopmail.com,Merci.Yusuk@gmail.com,developer
661,Anthia,Terencio,Anthia.Terencio@yopmail.com,Anthia.Terencio@gmail.com,firefighter
662,Ardenia,Stanwood,Ardenia.Stanwood@yopmail.com,Ardenia.Stanwood@gmail.com,doctor
663,Mahalia,Colbert,Mahalia.Colbert@yopmail.com,Mahalia.Colbert@gmail.com,doctor
664,Cassandra,Dunkin,Cassandra.Dunkin@yopmail.com,Cassandra.Dunkin@gmail.com,firefighter
665,Dode,Liva,Dode.Liva@yopmail.com,Dode.Liva@gmail.com,worker
666,Eadie,Gombach,Eadie.Gombach@yopmail.com,Eadie.Gombach@gmail.com,firefighter
667,Myriam,Gower,Myriam.Gower@yopmail.com,Myriam.Gower@gmail.com,doctor
668,Allis,Prouty,Allis.Prouty@yopmail.com,Allis.Prouty@gmail.com,developer
669,Selma,Fredi,Selma.Fredi@yopmail.com,Selma.Fredi@gmail.com,worker
670,Beth,Brodench,Beth.Brodench@yopmail.com,Beth.Brodench@gmail.com,developer
671,Katleen,Fillbert,Katleen.Fillbert@yopmail.com,Katleen.Fillbert@gmail.com,doctor
672,Dotty,Cullin,Dotty.Cullin@yopmail.com,Dotty.Cullin@gmail.com,developer
673,Tani,Alcott,Tani.Alcott@yopmail.com,Tani.Alcott@gmail.com,doctor
674,Layla,Wolfgram,Layla.Wolfgram@yopmail.com,Layla.Wolfgram@gmail.com,firefighter
675,Hope,Idelia,Hope.Idelia@yopmail.com,Hope.Idelia@gmail.com,doctor
676,Therine,Plato,Therine.Plato@yopmail.com,Therine.Plato@gmail.com,doctor
677,Candy,Stevy,Candy.Stevy@yopmail.com,Candy.Stevy@gmail.com,firefighter
678,Eadie,Milson,Eadie.Milson@yopmail.com,Eadie.Milson@gmail.com,developer
679,Gerianna,Bryna,Gerianna.Bryna@yopmail.com,Gerianna.Bryna@gmail.com,police officer
680,Alyssa,Orelee,Alyssa.Orelee@yopmail.com,Alyssa.Orelee@gmail.com,developer
681,Binny,Callista,Binny.Callista@yopmail.com,Binny.Callista@gmail.com,firefighter
682,Olivette,Khorma,Olivette.Khorma@yopmail.com,Olivette.Khorma@gmail.com,developer
683,Gui,My,Gui.My@yopmail.com,Gui.My@gmail.com,worker
684,Jackie,Stuart,Jackie.Stuart@yopmail.com,Jackie.Stuart@gmail.com,firefighter
685,Silvana,Grimbly,Silvana.Grimbly@yopmail.com,Silvana.Grimbly@gmail.com,doctor
686,Janeczka,Marlie,Janeczka.Marlie@yopmail.com,Janeczka.Marlie@gmail.com,doctor
687,Betta,Docilla,Betta.Docilla@yopmail.com,Betta.Docilla@gmail.com,worker
688,Ricky,Anastatius,Ricky.Anastatius@yopmail.com,Ricky.Anastatius@gmail.com,firefighter
689,Dominga,Wenoa,Dominga.Wenoa@yopmail.com,Dominga.Wenoa@gmail.com,doctor
690,Cherrita,Girardo,Cherrita.Girardo@yopmail.com,Cherrita.Girardo@gmail.com,worker
691,Carilyn,Blisse,Carilyn.Blisse@yopmail.com,Carilyn.Blisse@gmail.com,doctor
692,June,Grimbly,June.Grimbly@yopmail.com,June.Grimbly@gmail.com,firefighter
693,Fidelia,Kussell,Fidelia.Kussell@yopmail.com,Fidelia.Kussell@gmail.com,worker
694,Rebeca,Muriel,Rebeca.Muriel@yopmail.com,Rebeca.Muriel@gmail.com,police officer
695,Gusty,Socha,Gusty.Socha@yopmail.com,Gusty.Socha@gmail.com,police officer
696,Briney,Brodench,Briney.Brodench@yopmail.com,Briney.Brodench@gmail.com,police officer
697,Britni,Ehrman,Britni.Ehrman@yopmail.com,Britni.Ehrman@gmail.com,developer
698,Althea,Sundin,Althea.Sundin@yopmail.com,Althea.Sundin@gmail.com,worker
699,Frieda,Saree,Frieda.Saree@yopmail.com,Frieda.Saree@gmail.com,developer
700,Corina,Ardra,Corina.Ardra@yopmail.com,Corina.Ardra@gmail.com,doctor
701,Imojean,Rossner,Imojean.Rossner@yopmail.com,Imojean.Rossner@gmail.com,firefighter
702,Chickie,Edmund,Chickie.Edmund@yopmail.com,Chickie.Edmund@gmail.com,firefighter
703,Lila,Hailee,Lila.Hailee@yopmail.com,Lila.Hailee@gmail.com,worker
704,Felice,Evvie,Felice.Evvie@yopmail.com,Felice.Evvie@gmail.com,doctor
705,Sabina,Ball,Sabina.Ball@yopmail.com,Sabina.Ball@gmail.com,police officer
706,Jinny,Ball,Jinny.Ball@yopmail.com,Jinny.Ball@gmail.com,firefighter
707,Lucy,Georgy,Lucy.Georgy@yopmail.com,Lucy.Georgy@gmail.com,police officer
708,Sandie,Cullin,Sandie.Cullin@yopmail.com,Sandie.Cullin@gmail.com,developer
709,Anestassia,Edison,Anestassia.Edison@yopmail.com,Anestassia.Edison@gmail.com,police officer
710,Gianina,Schlosser,Gianina.Schlosser@yopmail.com,Gianina.Schlosser@gmail.com,doctor
711,Angela,Santoro,Angela.Santoro@yopmail.com,Angela.Santoro@gmail.com,firefighter
712,Gui,Kirstin,Gui.Kirstin@yopmail.com,Gui.Kirstin@gmail.com,worker
713,Jsandye,Grimbly,Jsandye.Grimbly@yopmail.com,Jsandye.Grimbly@gmail.com,police officer
714,Alie,Bethany,Alie.Bethany@yopmail.com,Alie.Bethany@gmail.com,developer
715,Hermione,Emmy,Hermione.Emmy@yopmail.com,Hermione.Emmy@gmail.com,developer
716,Kaja,Martguerita,Kaja.Martguerita@yopmail.com,Kaja.Martguerita@gmail.com,police officer
717,Shell,Zrike,Shell.Zrike@yopmail.com,Shell.Zrike@gmail.com,police officer
718,Tracey,Bahr,Tracey.Bahr@yopmail.com,Tracey.Bahr@gmail.com,worker
719,Belinda,Jillane,Belinda.Jillane@yopmail.com,Belinda.Jillane@gmail.com,firefighter
720,Maud,Kussell,Maud.Kussell@yopmail.com,Maud.Kussell@gmail.com,firefighter
721,Adriana,Delp,Adriana.Delp@yopmail.com,Adriana.Delp@gmail.com,developer
722,Amalie,Salvidor,Amalie.Salvidor@yopmail.com,Amalie.Salvidor@gmail.com,firefighter
723,Daphne,Abram,Daphne.Abram@yopmail.com,Daphne.Abram@gmail.com,doctor
724,Randa,Killigrew,Randa.Killigrew@yopmail.com,Randa.Killigrew@gmail.com,firefighter
725,Liana,Ashely,Liana.Ashely@yopmail.com,Liana.Ashely@gmail.com,developer
726,Catrina,Schlosser,Catrina.Schlosser@yopmail.com,Catrina.Schlosser@gmail.com,developer
727,Arabel,Dex,Arabel.Dex@yopmail.com,Arabel.Dex@gmail.com,worker
728,Mignon,Deny,Mignon.Deny@yopmail.com,Mignon.Deny@gmail.com,police officer
729,Basia,Pyle,Basia.Pyle@yopmail.com,Basia.Pyle@gmail.com,firefighter
730,Tilly,Dawkins,Tilly.Dawkins@yopmail.com,Tilly.Dawkins@gmail.com,doctor
731,Frank,Pierette,Frank.Pierette@yopmail.com,Frank.Pierette@gmail.com,developer
732,Tomasina,Tamsky,Tomasina.Tamsky@yopmail.com,Tomasina.Tamsky@gmail.com,police officer
733,Alisha,Rhu,Alisha.Rhu@yopmail.com,Alisha.Rhu@gmail.com,police officer
734,Aimil,Weitman,Aimil.Weitman@yopmail.com,Aimil.Weitman@gmail.com,doctor
735,Daphne,Adlare,Daphne.Adlare@yopmail.com,Daphne.Adlare@gmail.com,developer
736,Adore,Riordan,Adore.Riordan@yopmail.com,Adore.Riordan@gmail.com,worker
737,Mady,Timon,Mady.Timon@yopmail.com,Mady.Timon@gmail.com,developer
738,Gianina,Cavan,Gianina.Cavan@yopmail.com,Gianina.Cavan@gmail.com,firefighter
739,Gavrielle,Shields,Gavrielle.Shields@yopmail.com,Gavrielle.Shields@gmail.com,doctor
740,Leeanne,Nisbet,Leeanne.Nisbet@yopmail.com,Leeanne.Nisbet@gmail.com,worker
741,Esmeralda,Adore,Esmeralda.Adore@yopmail.com,Esmeralda.Adore@gmail.com,doctor
742,Lory,Louanna,Lory.Louanna@yopmail.com,Lory.Louanna@gmail.com,police officer
743,Lexine,Persse,Lexine.Persse@yopmail.com,Lexine.Persse@gmail.com,doctor
744,Theodora,Helve,Theodora.Helve@yopmail.com,Theodora.Helve@gmail.com,firefighter
745,Ardys,Grayce,Ardys.Grayce@yopmail.com,Ardys.Grayce@gmail.com,doctor
746,Hope,Papageno,Hope.Papageno@yopmail.com,Hope.Papageno@gmail.com,developer
747,Tonia,Esmaria,Tonia.Esmaria@yopmail.com,Tonia.Esmaria@gmail.com,worker
748,Kirstin,Radu,Kirstin.Radu@yopmail.com,Kirstin.Radu@gmail.com,police officer
749,Cherilyn,Swigart,Cherilyn.Swigart@yopmail.com,Cherilyn.Swigart@gmail.com,developer
750,Heddie,Hylan,Heddie.Hylan@yopmail.com,Heddie.Hylan@gmail.com,doctor
751,Cindelyn,Cressida,Cindelyn.Cressida@yopmail.com,Cindelyn.Cressida@gmail.com,police officer
752,Rayna,Capello,Rayna.Capello@yopmail.com,Rayna.Capello@gmail.com,developer
753,Lauryn,Travax,Lauryn.Travax@yopmail.com,Lauryn.Travax@gmail.com,police officer
754,Jsandye,Sperling,Jsandye.Sperling@yopmail.com,Jsandye.Sperling@gmail.com,police officer
755,Abbie,Loring,Abbie.Loring@yopmail.com,Abbie.Loring@gmail.com,worker
756,Mamie,Philipp,Mamie.Philipp@yopmail.com,Mamie.Philipp@gmail.com,police officer
757,Hope,Glenden,Hope.Glenden@yopmail.com,Hope.Glenden@gmail.com,firefighter
758,Celene,Tamsky,Celene.Tamsky@yopmail.com,Celene.Tamsky@gmail.com,developer
759,Aimil,Rad,Aimil.Rad@yopmail.com,Aimil.Rad@gmail.com,doctor
760,Jackie,Lattie,Jackie.Lattie@yopmail.com,Jackie.Lattie@gmail.com,worker
761,Marnia,Berne,Marnia.Berne@yopmail.com,Marnia.Berne@gmail.com,worker
762,Sandie,Franza,Sandie.Franza@yopmail.com,Sandie.Franza@gmail.com,doctor
763,Meriel,Marcellus,Meriel.Marcellus@yopmail.com,Meriel.Marcellus@gmail.com,firefighter
764,Shirlee,Euridice,Shirlee.Euridice@yopmail.com,Shirlee.Euridice@gmail.com,firefighter
765,Belinda,Weinreb,Belinda.Weinreb@yopmail.com,Belinda.Weinreb@gmail.com,firefighter
766,Tersina,Urania,Tersina.Urania@yopmail.com,Tersina.Urania@gmail.com,firefighter
767,Darci,Nelsen,Darci.Nelsen@yopmail.com,Darci.Nelsen@gmail.com,developer
768,Lanna,Thunell,Lanna.Thunell@yopmail.com,Lanna.Thunell@gmail.com,doctor
769,Georgetta,Slifka,Georgetta.Slifka@yopmail.com,Georgetta.Slifka@gmail.com,doctor
770,Vere,Bach,Vere.Bach@yopmail.com,Vere.Bach@gmail.com,police officer
771,Gerianna,Ophelia,Gerianna.Ophelia@yopmail.com,Gerianna.Ophelia@gmail.com,worker
772,Corina,Shanley,Corina.Shanley@yopmail.com,Corina.Shanley@gmail.com,police officer
773,Felice,Tomasina,Felice.Tomasina@yopmail.com,Felice.Tomasina@gmail.com,developer
774,Amara,Bevin,Amara.Bevin@yopmail.com,Amara.Bevin@gmail.com,police officer
775,Mara,Jefferey,Mara.Jefferey@yopmail.com,Mara.Jefferey@gmail.com,worker
776,Ronna,Rodmann,Ronna.Rodmann@yopmail.com,Ronna.Rodmann@gmail.com,doctor
777,Hannis,Truc,Hannis.Truc@yopmail.com,Hannis.Truc@gmail.com,doctor
778,Donnie,Jacqui,Donnie.Jacqui@yopmail.com,Donnie.Jacqui@gmail.com,firefighter
779,Brena,Rooney,Brena.Rooney@yopmail.com,Brena.Rooney@gmail.com,worker
780,Althea,Sundin,Althea.Sundin@yopmail.com,Althea.Sundin@gmail.com,doctor
781,Devina,Alcott,Devina.Alcott@yopmail.com,Devina.Alcott@gmail.com,worker
782,Paulita,Ventre,Paulita.Ventre@yopmail.com,Paulita.Ventre@gmail.com,doctor
783,Emmey,Ioab,Emmey.Ioab@yopmail.com,Emmey.Ioab@gmail.com,firefighter
784,Alia,Remmer,Alia.Remmer@yopmail.com,Alia.Remmer@gmail.com,police officer
785,Lindie,Bultman,Lindie.Bultman@yopmail.com,Lindie.Bultman@gmail.com,developer
786,Basia,Bouchard,Basia.Bouchard@yopmail.com,Basia.Bouchard@gmail.com,doctor
787,Shauna,Carlson,Shauna.Carlson@yopmail.com,Shauna.Carlson@gmail.com,developer
788,Iseabal,Kolnick,Iseabal.Kolnick@yopmail.com,Iseabal.Kolnick@gmail.com,worker
789,Fidelia,Maples,Fidelia.Maples@yopmail.com,Fidelia.Maples@gmail.com,worker
790,Nyssa,Peg,Nyssa.Peg@yopmail.com,Nyssa.Peg@gmail.com,firefighter
791,Almeta,Gahl,Almeta.Gahl@yopmail.com,Almeta.Gahl@gmail.com,police officer
792,Kore,Janith,Kore.Janith@yopmail.com,Kore.Janith@gmail.com,firefighter
793,Teriann,Engdahl,Teriann.Engdahl@yopmail.com,Teriann.Engdahl@gmail.com,doctor
794,Tami,Johnsson,Tami.Johnsson@yopmail.com,Tami.Johnsson@gmail.com,doctor
795,Roxane,Haldas,Roxane.Haldas@yopmail.com,Roxane.Haldas@gmail.com,doctor
796,Sindee,Korey,Sindee.Korey@yopmail.com,Sindee.Korey@gmail.com,developer
797,Michaelina,Himelman,Michaelina.Himelman@yopmail.com,Michaelina.Himelman@gmail.com,doctor
798,Selma,Gaulin,Selma.Gaulin@yopmail.com,Selma.Gaulin@gmail.com,doctor
799,Marcelline,Corabella,Marcelline.Corabella@yopmail.com,Marcelline.Corabella@gmail.com,firefighter
800,Celisse,Albertine,Celisse.Albertine@yopmail.com,Celisse.Albertine@gmail.com,doctor
801,Fanny,Marisa,Fanny.Marisa@yopmail.com,Fanny.Marisa@gmail.com,doctor
802,Zia,Quent,Zia.Quent@yopmail.com,Zia.Quent@gmail.com,developer
803,Marnia,Hertzfeld,Marnia.Hertzfeld@yopmail.com,Marnia.Hertzfeld@gmail.com,worker
804,Nanete,Podvin,Nanete.Podvin@yopmail.com,Nanete.Podvin@gmail.com,police officer
805,Feliza,Talia,Feliza.Talia@yopmail.com,Feliza.Talia@gmail.com,worker
806,Willetta,Vivle,Willetta.Vivle@yopmail.com,Willetta.Vivle@gmail.com,firefighter
807,Marika,Sheedy,Marika.Sheedy@yopmail.com,Marika.Sheedy@gmail.com,developer
808,Dione,Bahr,Dione.Bahr@yopmail.com,Dione.Bahr@gmail.com,police officer
809,Dulce,Sadowski,Dulce.Sadowski@yopmail.com,Dulce.Sadowski@gmail.com,police officer
810,Dolli,Bobbee,Dolli.Bobbee@yopmail.com,Dolli.Bobbee@gmail.com,doctor
811,Melodie,Vacuva,Melodie.Vacuva@yopmail.com,Melodie.Vacuva@gmail.com,worker
812,Carly,Hedve,Carly.Hedve@yopmail.com,Carly.Hedve@gmail.com,developer
813,Annora,Neva,Annora.Neva@yopmail.com,Annora.Neva@gmail.com,firefighter
814,Ingrid,Etom,Ingrid.Etom@yopmail.com,Ingrid.Etom@gmail.com,police officer
815,Maud,Pillsbury,Maud.Pillsbury@yopmail.com,Maud.Pillsbury@gmail.com,police officer
816,Ermengarde,Cressida,Ermengarde.Cressida@yopmail.com,Ermengarde.Cressida@gmail.com,firefighter
817,Aurelie,Emmaline,Aurelie.Emmaline@yopmail.com,Aurelie.Emmaline@gmail.com,doctor
818,Trixi,Niles,Trixi.Niles@yopmail.com,Trixi.Niles@gmail.com,worker
819,Vita,Blake,Vita.Blake@yopmail.com,Vita.Blake@gmail.com,firefighter
820,Cam,Grobe,Cam.Grobe@yopmail.com,Cam.Grobe@gmail.com,worker
821,Henriette,Lymann,Henriette.Lymann@yopmail.com,Henriette.Lymann@gmail.com,doctor
822,Nonnah,Tayib,Nonnah.Tayib@yopmail.com,Nonnah.Tayib@gmail.com,police officer
823,Violet,Pauly,Violet.Pauly@yopmail.com,Violet.Pauly@gmail.com,doctor
824,Gianina,Radu,Gianina.Radu@yopmail.com,Gianina.Radu@gmail.com,worker
825,Goldie,Elisha,Goldie.Elisha@yopmail.com,Goldie.Elisha@gmail.com,developer
826,Josephine,Carlson,Josephine.Carlson@yopmail.com,Josephine.Carlson@gmail.com,developer
827,Dania,Germann,Dania.Germann@yopmail.com,Dania.Germann@gmail.com,developer
828,Lesly,Darrell,Lesly.Darrell@yopmail.com,Lesly.Darrell@gmail.com,doctor
829,Sidoney,Mayeda,Sidoney.Mayeda@yopmail.com,Sidoney.Mayeda@gmail.com,doctor
830,Mathilda,Justinn,Mathilda.Justinn@yopmail.com,Mathilda.Justinn@gmail.com,police officer
831,Ninnetta,Corrine,Ninnetta.Corrine@yopmail.com,Ninnetta.Corrine@gmail.com,developer
832,Carly,Wesle,Carly.Wesle@yopmail.com,Carly.Wesle@gmail.com,worker
833,Sara-Ann,Paine,Sara-Ann.Paine@yopmail.com,Sara-Ann.Paine@gmail.com,police officer
834,Annaliese,Franza,Annaliese.Franza@yopmail.com,Annaliese.Franza@gmail.com,firefighter
835,Marline,Gert,Marline.Gert@yopmail.com,Marline.Gert@gmail.com,worker
836,Joeann,Kress,Joeann.Kress@yopmail.com,Joeann.Kress@gmail.com,worker
837,Madelle,Shirberg,Madelle.Shirberg@yopmail.com,Madelle.Shirberg@gmail.com,developer
838,Caressa,Horan,Caressa.Horan@yopmail.com,Caressa.Horan@gmail.com,police officer
839,Gwyneth,Moina,Gwyneth.Moina@yopmail.com,Gwyneth.Moina@gmail.com,firefighter
840,Cristabel,Dorothy,Cristabel.Dorothy@yopmail.com,Cristabel.Dorothy@gmail.com,police officer
841,Jenilee,Wilkinson,Jenilee.Wilkinson@yopmail.com,Jenilee.Wilkinson@gmail.com,worker
842,Blake,Raama,Blake.Raama@yopmail.com,Blake.Raama@gmail.com,doctor
843,Belinda,Aida,Belinda.Aida@yopmail.com,Belinda.Aida@gmail.com,police officer
844,Raquela,Clara,Raquela.Clara@yopmail.com,Raquela.Clara@gmail.com,doctor
845,Lorenza,Lauraine,Lorenza.Lauraine@yopmail.com,Lorenza.Lauraine@gmail.com,worker
846,Roseline,Sabella,Roseline.Sabella@yopmail.com,Roseline.Sabella@gmail.com,developer
847,Kayla,Iiette,Kayla.Iiette@yopmail.com,Kayla.Iiette@gmail.com,worker
848,Raina,Sheedy,Raina.Sheedy@yopmail.com,Raina.Sheedy@gmail.com,doctor
849,Libbie,Odell,Libbie.Odell@yopmail.com,Libbie.Odell@gmail.com,developer
850,Alexine,Toor,Alexine.Toor@yopmail.com,Alexine.Toor@gmail.com,doctor
851,Ardenia,Dreda,Ardenia.Dreda@yopmail.com,Ardenia.Dreda@gmail.com,developer
852,Celene,Rolf,Celene.Rolf@yopmail.com,Celene.Rolf@gmail.com,developer
853,Gretal,Scammon,Gretal.Scammon@yopmail.com,Gretal.Scammon@gmail.com,firefighter
854,Lila,Constancy,Lila.Constancy@yopmail.com,Lila.Constancy@gmail.com,doctor
855,Ariela,Anton,Ariela.Anton@yopmail.com,Ariela.Anton@gmail.com,worker
856,Sibella,Cimbura,Sibella.Cimbura@yopmail.com,Sibella.Cimbura@gmail.com,firefighter
857,Cam,McClimans,Cam.McClimans@yopmail.com,Cam.McClimans@gmail.com,police officer
858,Janenna,Dannye,Janenna.Dannye@yopmail.com,Janenna.Dannye@gmail.com,firefighter
859,Raf,Pozzy,Raf.Pozzy@yopmail.com,Raf.Pozzy@gmail.com,developer
860,Suzette,Concha,Suzette.Concha@yopmail.com,Suzette.Concha@gmail.com,worker
861,Ekaterina,Bevin,Ekaterina.Bevin@yopmail.com,Ekaterina.Bevin@gmail.com,worker
862,Gale,Pascia,Gale.Pascia@yopmail.com,Gale.Pascia@gmail.com,firefighter
863,Linzy,Ajay,Linzy.Ajay@yopmail.com,Linzy.Ajay@gmail.com,doctor
864,Imojean,Crudden,Imojean.Crudden@yopmail.com,Imojean.Crudden@gmail.com,worker
865,Deedee,Carvey,Deedee.Carvey@yopmail.com,Deedee.Carvey@gmail.com,developer
866,Kristan,Ogren,Kristan.Ogren@yopmail.com,Kristan.Ogren@gmail.com,doctor
867,Leia,Stacy,Leia.Stacy@yopmail.com,Leia.Stacy@gmail.com,developer
868,Joeann,Obed,Joeann.Obed@yopmail.com,Joeann.Obed@gmail.com,developer
869,Beatriz,Rebecka,Beatriz.Rebecka@yopmail.com,Beatriz.Rebecka@gmail.com,developer
870,Roslyn,Eachern,Roslyn.Eachern@yopmail.com,Roslyn.Eachern@gmail.com,firefighter
871,Di,Hashim,Di.Hashim@yopmail.com,Di.Hashim@gmail.com,worker
872,Florencia,Gino,Florencia.Gino@yopmail.com,Florencia.Gino@gmail.com,worker
873,Allis,Buttaro,Allis.Buttaro@yopmail.com,Allis.Buttaro@gmail.com,firefighter
874,Edee,Wildermuth,Edee.Wildermuth@yopmail.com,Edee.Wildermuth@gmail.com,firefighter
875,Beatriz,Breed,Beatriz.Breed@yopmail.com,Beatriz.Breed@gmail.com,doctor
876,Perry,Brenn,Perry.Brenn@yopmail.com,Perry.Brenn@gmail.com,firefighter
877,Constance,Winnick,Constance.Winnick@yopmail.com,Constance.Winnick@gmail.com,police officer
878,Oralee,Evvie,Oralee.Evvie@yopmail.com,Oralee.Evvie@gmail.com,worker
879,Ashlee,Annabella,Ashlee.Annabella@yopmail.com,Ashlee.Annabella@gmail.com,police officer
880,Marika,Sisile,Marika.Sisile@yopmail.com,Marika.Sisile@gmail.com,developer
881,Merry,Sherfield,Merry.Sherfield@yopmail.com,Merry.Sherfield@gmail.com,police officer
882,Gloria,Yam,Gloria.Yam@yopmail.com,Gloria.Yam@gmail.com,firefighter
883,Sibella,Mozelle,Sibella.Mozelle@yopmail.com,Sibella.Mozelle@gmail.com,developer
884,Dode,O'Rourke,Dode.O'Rourke@yopmail.com,Dode.O'Rourke@gmail.com,worker
885,Keelia,Clara,Keelia.Clara@yopmail.com,Keelia.Clara@gmail.com,doctor
886,Shaylyn,Tamar,Shaylyn.Tamar@yopmail.com,Shaylyn.Tamar@gmail.com,worker
887,Janenna,Parsaye,Janenna.Parsaye@yopmail.com,Janenna.Parsaye@gmail.com,worker
888,Augustine,Gombach,Augustine.Gombach@yopmail.com,Augustine.Gombach@gmail.com,worker
889,Gianina,Jess,Gianina.Jess@yopmail.com,Gianina.Jess@gmail.com,police officer
890,Neila,Nickola,Neila.Nickola@yopmail.com,Neila.Nickola@gmail.com,worker
891,Mariele,Anyah,Mariele.Anyah@yopmail.com,Mariele.Anyah@gmail.com,police officer
892,Myriam,Sheng,Myriam.Sheng@yopmail.com,Myriam.Sheng@gmail.com,developer
893,Fina,Garrison,Fina.Garrison@yopmail.com,Fina.Garrison@gmail.com,developer
894,Karolina,Salvidor,Karolina.Salvidor@yopmail.com,Karolina.Salvidor@gmail.com,doctor
895,Sybille,Edmund,Sybille.Edmund@yopmail.com,Sybille.Edmund@gmail.com,doctor
896,Jsandye,Baudin,Jsandye.Baudin@yopmail.com,Jsandye.Baudin@gmail.com,doctor
897,Elfreda,Kendrick,Elfreda.Kendrick@yopmail.com,Elfreda.Kendrick@gmail.com,police officer
898,Magdalena,Wilkinson,Magdalena.Wilkinson@yopmail.com,Magdalena.Wilkinson@gmail.com,worker
899,Tani,Armanda,Tani.Armanda@yopmail.com,Tani.Armanda@gmail.com,firefighter
900,Peri,Jena,Peri.Jena@yopmail.com,Peri.Jena@gmail.com,doctor
901,Sallie,Kylander,Sallie.Kylander@yopmail.com,Sallie.Kylander@gmail.com,firefighter
902,Patricia,Knowling,Patricia.Knowling@yopmail.com,Patricia.Knowling@gmail.com,police officer
903,Joceline,Wyn,Joceline.Wyn@yopmail.com,Joceline.Wyn@gmail.com,doctor
904,Emma,Valoniah,Emma.Valoniah@yopmail.com,Emma.Valoniah@gmail.com,developer
905,Jinny,Connelly,Jinny.Connelly@yopmail.com,Jinny.Connelly@gmail.com,worker
906,Danika,Chinua,Danika.Chinua@yopmail.com,Danika.Chinua@gmail.com,doctor
907,Gisela,Infield,Gisela.Infield@yopmail.com,Gisela.Infield@gmail.com,firefighter
908,Tani,Timon,Tani.Timon@yopmail.com,Tani.Timon@gmail.com,police officer
909,Konstance,Claudine,Konstance.Claudine@yopmail.com,Konstance.Claudine@gmail.com,firefighter
910,Feliza,Percy,Feliza.Percy@yopmail.com,Feliza.Percy@gmail.com,developer
911,Mellicent,Matthew,Mellicent.Matthew@yopmail.com,Mellicent.Matthew@gmail.com,firefighter
912,Cyndie,Tannie,Cyndie.Tannie@yopmail.com,Cyndie.Tannie@gmail.com,police officer
913,Britte,Cordi,Britte.Cordi@yopmail.com,Britte.Cordi@gmail.com,worker
914,Nita,Lamoree,Nita.Lamoree@yopmail.com,Nita.Lamoree@gmail.com,worker
915,June,Tacye,June.Tacye@yopmail.com,June.Tacye@gmail.com,police officer
916,Cyb,Jefferey,Cyb.Jefferey@yopmail.com,Cyb.Jefferey@gmail.com,firefighter
917,Sibella,Annabella,Sibella.Annabella@yopmail.com,Sibella.Annabella@gmail.com,police officer
918,Katuscha,Tarrant,Katuscha.Tarrant@yopmail.com,Katuscha.Tarrant@gmail.com,firefighter
919,Rori,Allina,Rori.Allina@yopmail.com,Rori.Allina@gmail.com,worker
920,Atlanta,Kauppi,Atlanta.Kauppi@yopmail.com,Atlanta.Kauppi@gmail.com,developer
921,Katuscha,Israeli,Katuscha.Israeli@yopmail.com,Katuscha.Israeli@gmail.com,doctor
922,Sissy,Bahr,Sissy.Bahr@yopmail.com,Sissy.Bahr@gmail.com,worker
923,Daryl,Maurine,Daryl.Maurine@yopmail.com,Daryl.Maurine@gmail.com,firefighter
924,Chandra,Odell,Chandra.Odell@yopmail.com,Chandra.Odell@gmail.com,firefighter
925,Halette,Pernick,Halette.Pernick@yopmail.com,Halette.Pernick@gmail.com,firefighter
926,Bobinette,Maurine,Bobinette.Maurine@yopmail.com,Bobinette.Maurine@gmail.com,doctor
927,Olwen,Gerge,Olwen.Gerge@yopmail.com,Olwen.Gerge@gmail.com,police officer
928,Jordan,Joni,Jordan.Joni@yopmail.com,Jordan.Joni@gmail.com,developer
929,Kaia,Mehalek,Kaia.Mehalek@yopmail.com,Kaia.Mehalek@gmail.com,developer
930,Jenda,Solitta,Jenda.Solitta@yopmail.com,Jenda.Solitta@gmail.com,developer
931,Karolina,Belldas,Karolina.Belldas@yopmail.com,Karolina.Belldas@gmail.com,developer
932,Angelique,Vastah,Angelique.Vastah@yopmail.com,Angelique.Vastah@gmail.com,worker
933,Kathy,Medrek,Kathy.Medrek@yopmail.com,Kathy.Medrek@gmail.com,police officer
934,Dode,Rudolph,Dode.Rudolph@yopmail.com,Dode.Rudolph@gmail.com,firefighter
935,Ulrike,Saunderson,Ulrike.Saunderson@yopmail.com,Ulrike.Saunderson@gmail.com,police officer
936,Tiffie,Randene,Tiffie.Randene@yopmail.com,Tiffie.Randene@gmail.com,developer
937,Ardys,Kiersten,Ardys.Kiersten@yopmail.com,Ardys.Kiersten@gmail.com,developer
938,Carmencita,Desai,Carmencita.Desai@yopmail.com,Carmencita.Desai@gmail.com,worker
939,Ezmeralda,Teryn,Ezmeralda.Teryn@yopmail.com,Ezmeralda.Teryn@gmail.com,police officer
940,Sheelagh,Anis,Sheelagh.Anis@yopmail.com,Sheelagh.Anis@gmail.com,doctor
941,Jeanna,Ries,Jeanna.Ries@yopmail.com,Jeanna.Ries@gmail.com,worker
942,Queenie,Ammann,Queenie.Ammann@yopmail.com,Queenie.Ammann@gmail.com,police officer
943,Margette,Lalitta,Margette.Lalitta@yopmail.com,Margette.Lalitta@gmail.com,developer
944,Alisha,Seligman,Alisha.Seligman@yopmail.com,Alisha.Seligman@gmail.com,police officer
945,Cyndie,Claudine,Cyndie.Claudine@yopmail.com,Cyndie.Claudine@gmail.com,developer
946,Corly,Florina,Corly.Florina@yopmail.com,Corly.Florina@gmail.com,firefighter
947,Jaclyn,Deny,Jaclyn.Deny@yopmail.com,Jaclyn.Deny@gmail.com,firefighter
948,Janey,Sibyls,Janey.Sibyls@yopmail.com,Janey.Sibyls@gmail.com,police officer
949,Atlanta,Harday,Atlanta.Harday@yopmail.com,Atlanta.Harday@gmail.com,worker
950,Lolita,Harl,Lolita.Harl@yopmail.com,Lolita.Harl@gmail.com,firefighter
951,Tierney,Sherfield,Tierney.Sherfield@yopmail.com,Tierney.Sherfield@gmail.com,doctor
952,Winny,Virgin,Winny.Virgin@yopmail.com,Winny.Virgin@gmail.com,developer
953,Sadie,Eugenia,Sadie.Eugenia@yopmail.com,Sadie.Eugenia@gmail.com,firefighter
954,Vere,Sisile,Vere.Sisile@yopmail.com,Vere.Sisile@gmail.com,developer
955,Grier,Mike,Grier.Mike@yopmail.com,Grier.Mike@gmail.com,developer
956,Claudina,Vernier,Claudina.Vernier@yopmail.com,Claudina.Vernier@gmail.com,firefighter
957,Ekaterina,Thomasina,Ekaterina.Thomasina@yopmail.com,Ekaterina.Thomasina@gmail.com,doctor
958,Nicoli,Maribeth,Nicoli.Maribeth@yopmail.com,Nicoli.Maribeth@gmail.com,doctor
959,Bill,O'Rourke,Bill.O'Rourke@yopmail.com,Bill.O'Rourke@gmail.com,developer
960,Dale,Mullane,Dale.Mullane@yopmail.com,Dale.Mullane@gmail.com,police officer
961,Gui,Kinnard,Gui.Kinnard@yopmail.com,Gui.Kinnard@gmail.com,worker
962,Rozele,Bergman,Rozele.Bergman@yopmail.com,Rozele.Bergman@gmail.com,worker
963,Selia,Dorothy,Selia.Dorothy@yopmail.com,Selia.Dorothy@gmail.com,doctor
964,Ardys,Edee,Ardys.Edee@yopmail.com,Ardys.Edee@gmail.com,developer
965,Evita,Berriman,Evita.Berriman@yopmail.com,Evita.Berriman@gmail.com,worker
966,Tierney,Sherrie,Tierney.Sherrie@yopmail.com,Tierney.Sherrie@gmail.com,firefighter
967,Courtnay,Faust,Courtnay.Faust@yopmail.com,Courtnay.Faust@gmail.com,developer
968,Kristina,Devlen,Kristina.Devlen@yopmail.com,Kristina.Devlen@gmail.com,developer
969,Mara,Even,Mara.Even@yopmail.com,Mara.Even@gmail.com,firefighter
970,Jerry,Cassius,Jerry.Cassius@yopmail.com,Jerry.Cassius@gmail.com,developer
971,Pamella,Ursulette,Pamella.Ursulette@yopmail.com,Pamella.Ursulette@gmail.com,developer
972,Janis,Elephus,Janis.Elephus@yopmail.com,Janis.Elephus@gmail.com,developer
973,Lelah,Raseda,Lelah.Raseda@yopmail.com,Lelah.Raseda@gmail.com,police officer
974,Berget,Buffum,Berget.Buffum@yopmail.com,Berget.Buffum@gmail.com,firefighter
975,Selia,Toor,Selia.Toor@yopmail.com,Selia.Toor@gmail.com,developer
976,Gratia,Daniele,Gratia.Daniele@yopmail.com,Gratia.Daniele@gmail.com,firefighter
977,Emma,Argus,Emma.Argus@yopmail.com,Emma.Argus@gmail.com,doctor
978,Merle,Morrill,Merle.Morrill@yopmail.com,Merle.Morrill@gmail.com,developer
979,Taffy,Soneson,Taffy.Soneson@yopmail.com,Taffy.Soneson@gmail.com,doctor
980,Fawne,Tiffa,Fawne.Tiffa@yopmail.com,Fawne.Tiffa@gmail.com,doctor
981,Nicoli,Heidt,Nicoli.Heidt@yopmail.com,Nicoli.Heidt@gmail.com,firefighter
982,Brianna,Chick,Brianna.Chick@yopmail.com,Brianna.Chick@gmail.com,firefighter
983,Madalyn,Lanita,Madalyn.Lanita@yopmail.com,Madalyn.Lanita@gmail.com,worker
984,Evaleen,Annice,Evaleen.Annice@yopmail.com,Evaleen.Annice@gmail.com,developer
985,Mariann,Cloris,Mariann.Cloris@yopmail.com,Mariann.Cloris@gmail.com,firefighter
986,Siana,Redmond,Siana.Redmond@yopmail.com,Siana.Redmond@gmail.com,developer
987,Justinn,Pettiford,Justinn.Pettiford@yopmail.com,Justinn.Pettiford@gmail.com,firefighter
988,Amii,Dom,Amii.Dom@yopmail.com,Amii.Dom@gmail.com,firefighter
989,Wanda,Dearborn,Wanda.Dearborn@yopmail.com,Wanda.Dearborn@gmail.com,police officer
990,Selia,Sandye,Selia.Sandye@yopmail.com,Selia.Sandye@gmail.com,police officer
991,Aimil,Cassius,Aimil.Cassius@yopmail.com,Aimil.Cassius@gmail.com,doctor
992,Leia,Honoria,Leia.Honoria@yopmail.com,Leia.Honoria@gmail.com,police officer
993,Gerrie,Arquit,Gerrie.Arquit@yopmail.com,Gerrie.Arquit@gmail.com,police officer
994,Rhoda,Madox,Rhoda.Madox@yopmail.com,Rhoda.Madox@gmail.com,worker
995,Andeee,Sammons,Andeee.Sammons@yopmail.com,Andeee.Sammons@gmail.com,police officer
996,Fina,Diogenes,Fina.Diogenes@yopmail.com,Fina.Diogenes@gmail.com,firefighter
997,Shel,Bryna,Shel.Bryna@yopmail.com,Shel.Bryna@gmail.com,police officer
998,Feliza,Maisey,Feliza.Maisey@yopmail.com,Feliza.Maisey@gmail.com,doctor
999,Nickie,Stephie,Nickie.Stephie@yopmail.com,Nickie.Stephie@gmail.com,worker
1000,Vonny,Bartlett,Vonny.Bartlett@yopmail.com,Vonny.Bartlett@gmail.com,doctor
1001,Ingrid,Brunell,Ingrid.Brunell@yopmail.com,Ingrid.Brunell@gmail.com,developer
1002,Renie,Diogenes,Renie.Diogenes@yopmail.com,Renie.Diogenes@gmail.com,doctor
1003,Carilyn,Johnsson,Carilyn.Johnsson@yopmail.com,Carilyn.Johnsson@gmail.com,police officer
1004,Clementine,Colbert,Clementine.Colbert@yopmail.com,Clementine.Colbert@gmail.com,doctor
1005,Robbi,Rodmann,Robbi.Rodmann@yopmail.com,Robbi.Rodmann@gmail.com,developer
1006,Devina,Ball,Devina.Ball@yopmail.com,Devina.Ball@gmail.com,developer
1007,Gilligan,Kenney,Gilligan.Kenney@yopmail.com,Gilligan.Kenney@gmail.com,doctor
1008,Lucille,Milson,Lucille.Milson@yopmail.com,Lucille.Milson@gmail.com,police officer
1009,Feliza,Grobe,Feliza.Grobe@yopmail.com,Feliza.Grobe@gmail.com,police officer
1010,Oralee,Billye,Oralee.Billye@yopmail.com,Oralee.Billye@gmail.com,police officer
1011,Tressa,Radu,Tressa.Radu@yopmail.com,Tressa.Radu@gmail.com,worker
1012,Dorene,Gilbertson,Dorene.Gilbertson@yopmail.com,Dorene.Gilbertson@gmail.com,worker
1013,Brena,Leler,Brena.Leler@yopmail.com,Brena.Leler@gmail.com,firefighter
1014,Lucy,Melony,Lucy.Melony@yopmail.com,Lucy.Melony@gmail.com,doctor
1015,Shirlee,Ackerley,Shirlee.Ackerley@yopmail.com,Shirlee.Ackerley@gmail.com,police officer
1016,Chloris,Kesley,Chloris.Kesley@yopmail.com,Chloris.Kesley@gmail.com,police officer
1017,Gavrielle,Vorster,Gavrielle.Vorster@yopmail.com,Gavrielle.Vorster@gmail.com,firefighter
1018,Gerianna,Katrine,Gerianna.Katrine@yopmail.com,Gerianna.Katrine@gmail.com,worker
1019,Lorne,Leler,Lorne.Leler@yopmail.com,Lorne.Leler@gmail.com,doctor
1020,Alisha,Nikaniki,Alisha.Nikaniki@yopmail.com,Alisha.Nikaniki@gmail.com,doctor
1021,Agathe,Lesley,Agathe.Lesley@yopmail.com,Agathe.Lesley@gmail.com,doctor
1022,Charmaine,Borrell,Charmaine.Borrell@yopmail.com,Charmaine.Borrell@gmail.com,firefighter
1023,Andree,Firmin,Andree.Firmin@yopmail.com,Andree.Firmin@gmail.com,worker
1024,Silvana,Ralfston,Silvana.Ralfston@yopmail.com,Silvana.Ralfston@gmail.com,worker
1025,Ada,Salchunas,Ada.Salchunas@yopmail.com,Ada.Salchunas@gmail.com,police officer
1026,Theodora,Mauer,Theodora.Mauer@yopmail.com,Theodora.Mauer@gmail.com,firefighter
1027,Lizzie,Johnsson,Lizzie.Johnsson@yopmail.com,Lizzie.Johnsson@gmail.com,worker
1028,Janis,Syd,Janis.Syd@yopmail.com,Janis.Syd@gmail.com,doctor
1029,Beatriz,Sekofski,Beatriz.Sekofski@yopmail.com,Beatriz.Sekofski@gmail.com,doctor
1030,Tressa,Fennessy,Tressa.Fennessy@yopmail.com,Tressa.Fennessy@gmail.com,firefighter
1031,Ruthe,Stuart,Ruthe.Stuart@yopmail.com,Ruthe.Stuart@gmail.com,developer
1032,Gale,Primalia,Gale.Primalia@yopmail.com,Gale.Primalia@gmail.com,police officer
1033,Tomasina,Bouchard,Tomasina.Bouchard@yopmail.com,Tomasina.Bouchard@gmail.com,doctor
1034,Belinda,Ochs,Belinda.Ochs@yopmail.com,Belinda.Ochs@gmail.com,worker
1035,Caressa,Sperling,Caressa.Sperling@yopmail.com,Caressa.Sperling@gmail.com,firefighter
1036,Nicoli,Edmund,Nicoli.Edmund@yopmail.com,Nicoli.Edmund@gmail.com,firefighter
1037,Dorothy,Kathie,Dorothy.Kathie@yopmail.com,Dorothy.Kathie@gmail.com,firefighter
1038,Nonnah,Charmine,Nonnah.Charmine@yopmail.com,Nonnah.Charmine@gmail.com,firefighter
1039,Katuscha,Skurnik,Katuscha.Skurnik@yopmail.com,Katuscha.Skurnik@gmail.com,worker
1040,Kial,Afton,Kial.Afton@yopmail.com,Kial.Afton@gmail.com,doctor
1041,Hollie,Ventre,Hollie.Ventre@yopmail.com,Hollie.Ventre@gmail.com,police officer
1042,Florie,Barney,Florie.Barney@yopmail.com,Florie.Barney@gmail.com,police officer
1043,Shannah,Darian,Shannah.Darian@yopmail.com,Shannah.Darian@gmail.com,worker
1044,Pollyanna,Fairweather,Pollyanna.Fairweather@yopmail.com,Pollyanna.Fairweather@gmail.com,doctor
1045,Kirstin,Eben,Kirstin.Eben@yopmail.com,Kirstin.Eben@gmail.com,developer
1046,Elyssa,Daniele,Elyssa.Daniele@yopmail.com,Elyssa.Daniele@gmail.com,developer
1047,Clarice,Letsou,Clarice.Letsou@yopmail.com,Clarice.Letsou@gmail.com,worker
1048,Beth,Carvey,Beth.Carvey@yopmail.com,Beth.Carvey@gmail.com,firefighter
1049,Catrina,Rocray,Catrina.Rocray@yopmail.com,Catrina.Rocray@gmail.com,worker
1050,Paola,Ahab,Paola.Ahab@yopmail.com,Paola.Ahab@gmail.com,firefighter
1051,June,Diogenes,June.Diogenes@yopmail.com,June.Diogenes@gmail.com,doctor
1052,Abbie,Mich,Abbie.Mich@yopmail.com,Abbie.Mich@gmail.com,police officer
1053,Correy,Angelis,Correy.Angelis@yopmail.com,Correy.Angelis@gmail.com,worker
1054,Myrtice,Zenas,Myrtice.Zenas@yopmail.com,Myrtice.Zenas@gmail.com,worker
1055,Donnie,Drus,Donnie.Drus@yopmail.com,Donnie.Drus@gmail.com,developer
1056,Lorie,Jess,Lorie.Jess@yopmail.com,Lorie.Jess@gmail.com,police officer
1057,Molli,Linskey,Molli.Linskey@yopmail.com,Molli.Linskey@gmail.com,developer
1058,Leona,Love,Leona.Love@yopmail.com,Leona.Love@gmail.com,worker
1059,Julieta,Tatianas,Julieta.Tatianas@yopmail.com,Julieta.Tatianas@gmail.com,police officer
1060,Dari,Tybald,Dari.Tybald@yopmail.com,Dari.Tybald@gmail.com,developer
1061,Zsa Zsa,Cherianne,Zsa Zsa.Cherianne@yopmail.com,Zsa Zsa.Cherianne@gmail.com,developer
1062,Caritta,Ophelia,Caritta.Ophelia@yopmail.com,Caritta.Ophelia@gmail.com,firefighter
1063,Dorthy,Llovera,Dorthy.Llovera@yopmail.com,Dorthy.Llovera@gmail.com,police officer
1064,Bettine,Ruvolo,Bettine.Ruvolo@yopmail.com,Bettine.Ruvolo@gmail.com,doctor
1065,Gwyneth,Alexandr,Gwyneth.Alexandr@yopmail.com,Gwyneth.Alexandr@gmail.com,doctor
1066,Concettina,Nickola,Concettina.Nickola@yopmail.com,Concettina.Nickola@gmail.com,police officer
1067,Lory,Maples,Lory.Maples@yopmail.com,Lory.Maples@gmail.com,developer
1068,Sonni,Brittani,Sonni.Brittani@yopmail.com,Sonni.Brittani@gmail.com,firefighter
1069,Brana,Doig,Brana.Doig@yopmail.com,Brana.Doig@gmail.com,doctor
1070,Kial,Mathilde,Kial.Mathilde@yopmail.com,Kial.Mathilde@gmail.com,developer
1071,Audrie,Kaete,Audrie.Kaete@yopmail.com,Audrie.Kaete@gmail.com,doctor
1072,Gilda,Bahr,Gilda.Bahr@yopmail.com,Gilda.Bahr@gmail.com,police officer
1073,Vere,Urania,Vere.Urania@yopmail.com,Vere.Urania@gmail.com,police officer
1074,Theodora,Carmena,Theodora.Carmena@yopmail.com,Theodora.Carmena@gmail.com,firefighter
1075,Taffy,Ietta,Taffy.Ietta@yopmail.com,Taffy.Ietta@gmail.com,police officer
1076,Stephanie,Garek,Stephanie.Garek@yopmail.com,Stephanie.Garek@gmail.com,worker
1077,Concettina,Sabella,Concettina.Sabella@yopmail.com,Concettina.Sabella@gmail.com,firefighter
1078,Dianemarie,Breed,Dianemarie.Breed@yopmail.com,Dianemarie.Breed@gmail.com,police officer
1079,Leanna,Tice,Leanna.Tice@yopmail.com,Leanna.Tice@gmail.com,worker
1080,Angelique,Cullin,Angelique.Cullin@yopmail.com,Angelique.Cullin@gmail.com,developer
1081,Melina,Frendel,Melina.Frendel@yopmail.com,Melina.Frendel@gmail.com,worker
1082,Lyssa,Philoo,Lyssa.Philoo@yopmail.com,Lyssa.Philoo@gmail.com,firefighter
1083,Ninnetta,Annice,Ninnetta.Annice@yopmail.com,Ninnetta.Annice@gmail.com,firefighter
1084,Dagmar,Freddi,Dagmar.Freddi@yopmail.com,Dagmar.Freddi@gmail.com,police officer
1085,Lucille,Buckler,Lucille.Buckler@yopmail.com,Lucille.Buckler@gmail.com,firefighter
1086,Asia,Sidonius,Asia.Sidonius@yopmail.com,Asia.Sidonius@gmail.com,doctor
1087,Robbi,Therine,Robbi.Therine@yopmail.com,Robbi.Therine@gmail.com,worker
1088,Julieta,Iaverne,Julieta.Iaverne@yopmail.com,Julieta.Iaverne@gmail.com,worker
1089,Daryl,Velick,Daryl.Velick@yopmail.com,Daryl.Velick@gmail.com,police officer
1090,Sonni,Erskine,Sonni.Erskine@yopmail.com,Sonni.Erskine@gmail.com,police officer
1091,Genovera,Fairweather,Genovera.Fairweather@yopmail.com,Genovera.Fairweather@gmail.com,firefighter
1092,Lulita,Blase,Lulita.Blase@yopmail.com,Lulita.Blase@gmail.com,doctor
1093,Thalia,Jenness,Thalia.Jenness@yopmail.com,Thalia.Jenness@gmail.com,doctor
1094,Kirbee,Rurik,Kirbee.Rurik@yopmail.com,Kirbee.Rurik@gmail.com,developer
1095,Annice,Korey,Annice.Korey@yopmail.com,Annice.Korey@gmail.com,developer
1096,Gretal,Erich,Gretal.Erich@yopmail.com,Gretal.Erich@gmail.com,firefighter
1097,Florencia,Ellord,Florencia.Ellord@yopmail.com,Florencia.Ellord@gmail.com,developer
1098,Joleen,Merat,Joleen.Merat@yopmail.com,Joleen.Merat@gmail.com,police officer
1099,Ann-Marie,Sothena,Ann-Marie.Sothena@yopmail.com,Ann-Marie.Sothena@gmail.com,police officer